,Heart Failure,Hypertension,Primary Sclerosing Cholangitis,Liver Cirrhosis,Exocrine Pancreatic Insufficiency,Acute Diarrhea,Chronic Enteropathy,Acute Pancreatitis,Chronic Kidney Disease,Diabetes Mellitus,Cushing's Syndrome,Chronic Arthritis,Atopic Dermatitis,Obesity,Dysbiosis,DysbiosisHarmful,DysbiosisBeneficial,Diversity
20230210_BC04,0.007894033453778199,-0.06860027286107746,-0.41952097396957544,0.02800630635924759,0.0064661074988681885,0.14713713547774915,-0.056055630208472734,0.16846153207682255,-0.061846736231496724,0.08483783374948459,0.036388440687615105,-0.20060131213690427,0.010173587285146366,0.06357664335951074,0.01162608989006108,-0.1868802701460491,0.1985063600361102,1.982485564443892
20230210_BC32,0.16896270208711495,-0.008167421293403145,-0.0015647604400365936,0.012230252970713175,0.2523397190572176,0.14569716438871747,0.2175325048895977,0.21793739870868303,0.07179576431959789,0.17242874112823717,0.061956830605343266,-0.09817301288003501,0.02057606624662309,0.06582214367187349,0.601141145248128,-0.006933743749687423,0.6080748889978155,2.8249927382974684
20230210_BC45,0.12645352264898188,0.0183393678520293,-0.01011554451608585,0.03233547946356825,0.2376622972931015,0.09675546849980865,0.1818736584599684,0.1508321481769005,0.04677689957151761,0.20325038735266496,0.028769399991463725,-0.038292077980620766,0.020591758822403182,0.2079261701159254,0.5024559009422014,-0.010892670401375452,0.5133485713435768,2.9889797495365675
20230210_BC29,0.11737026220151385,-0.048818037300368815,-0.0010232254240475657,-0.03573593232939427,0.28343514982578294,0.07443165365793694,0.23197745640054135,0.10966268979209114,0.0783870987017731,0.18061704959783195,0.1126538058827038,-0.11977023760994247,-0.01637971555141764,0.07490437694297788,0.02948384950327624,-0.005124497914793054,0.03460834741806929,2.3966211564255064
20230210_BC34,0.30512652835922427,0.013809237016362596,-0.0013242322763578572,-0.006467327248642318,0.1781723270704537,0.07630987769604261,0.1810787714343217,0.13090599691752428,0.16235328578796676,0.12864458383442687,0.08276430097156139,-0.24039700614546186,0.0011586283321550178,-0.06517540524879202,0.7544411427356421,-0.0,0.7544411427356421,1.9263969784315853
20230210_BC48,0.15407259044115199,0.00033414237416441907,-0.04364251197065508,-0.020640922534067935,0.12399384755540083,0.1276644597106061,0.11809622553150018,0.18504451813537928,0.08420549274047344,0.12172211985821461,0.07244588115467138,-0.12492011755999628,0.024347675099652844,0.03493161859882919,0.14038563147558536,-0.15392773256248138,0.2943133640380667,2.5597542373811266
20230210_BC40,0.16789879217937292,0.029712843443447347,-0.005834077978659139,0.04741124768179753,0.16174926242647478,0.17414656866291653,0.19523542268501273,0.24005190233964935,0.01852266483421273,0.1468683975019593,0.04416051771173544,0.14097281673712447,0.02367056678995648,0.17427220612747532,1.0529040647407313,-0.0029435789150298857,1.0558476436557611,2.850968133067187
20230210_BC47,0.15272979906751538,-0.0070400955727245645,-0.1108419005351988,-0.03284116980549279,0.001499968605253682,0.01271767226381593,0.0012020710695301803,0.008533003356616022,0.06276982923902572,0.20441782774401837,0.07583511857198356,-0.09561897268911292,0.0022214221534703426,0.0464460968039925,-0.06636805737057172,-0.06809590720053146,0.0017278498299597377,2.266209328061446
20230210_BC33,0.15121922132815221,-0.025148539075450897,-0.056117085617091236,0.018879834633405056,0.11897920809169119,0.12301028615192076,0.13559060819571184,0.15069203081319374,0.06962080596932414,0.14613834426712582,0.09612281676300492,0.0034943230205025555,-0.0028389277128255995,0.03518558042626725,0.05072203584171439,-0.14607492790909174,0.19679696375080613,3.2290728045339288
20230210_BC09,0.19818354730690557,-0.01698682720415931,-0.06433688800330992,0.05154890725490104,0.2369488106521603,0.1671241591144925,0.24465996982916066,0.2574869789518785,0.03708080885340369,0.1239673670294929,0.06393429706569487,0.04403367325006786,0.009177946728479006,0.044427954761939344,0.7741135386747097,-0.0533668285672611,0.8274803672419707,3.157101240805398
20230210_BC11,0.12319999013039996,-0.05866502411627923,-0.03598685313108514,-0.037861321429051666,0.19536004597015974,0.09363336512331738,0.17526681208249792,0.11284279063947054,0.09523844242458859,0.03409309879999648,0.11840888291182,-0.16059400882242306,-0.01649544314053951,-0.06789036310800808,-0.06782067252360427,-0.08128745402386764,0.013466781500263376,2.325179694425028
20230215_BC39,0.10452766664572477,-0.027078783018128386,-0.15066298614252288,-0.029825659398265536,-0.0411126922887887,0.12524555791469788,0.10604471499263735,0.10532099907343358,-0.09784659851231546,-0.037031312846796095,0.10732528823922832,-0.10720041826228766,-0.01902827202799268,0.033932347103838426,-0.4432130382515084,-0.4690772617272653,0.025864223475756953,3.022534412543458
20230215_BC15,0.19744597459141763,0.007969199399583758,-0.002611166753564869,0.015624676043848859,0.12581554115959367,0.15999557603217462,0.1587693901759099,0.23353116136704033,0.061210241160112075,0.09093521310708388,0.0392013086472126,0.032999526123073115,0.039717898253653454,0.014509326670664402,0.5380514654969548,-0.0018754379099350591,0.5399269034068899,2.0790376962808805
20230215_BC35,-0.02309887260431821,-0.07672507619626037,-0.14656728154987322,-0.01305753932737042,0.22834401883484987,0.07585762875227527,0.15231769397778677,0.07139924670842324,-0.05391344932557975,0.1511521811689717,0.05763816223400556,-0.042774898537497955,-0.01276170672332835,0.12414816775248634,-0.33708201780643027,-0.36501719851587705,0.027935180709446752,2.252956910384702
20230215_BC26,0.12876268721321332,-0.059536195561043795,-0.05058579495419703,-0.014814200933074463,0.2626063081166466,0.0927561865158024,0.17316734005624237,0.14794658605209207,0.09875964521845479,0.1782900188263495,0.06270792685955515,-0.17192247193974505,0.014032313982970343,0.04029914031208475,0.002680295984596735,-0.008176374384615707,0.010856670369212442,2.2874941070066783
20230215_BC28,0.17285435501720342,-0.02554246975302547,-0.007570696001950377,0.0196108782816357,0.28691363353201366,0.13209601956528152,0.25790571412837177,0.2023393685362125,0.028289631430273975,0.12889308372271366,0.05800805879193955,0.020641509849121616,0.02054045191231659,0.0786935848235526,0.6907634739851243,-0.0026057167313345195,0.6933691907164587,2.7112677820490187
20230215_BC40,0.02640369976689051,-0.04259888135811214,-0.0004964939431317309,0.0006760678021937601,0.1737131340805323,0.05120411485036582,0.09773191601898437,0.08086630937010747,0.017861545225021622,0.1472756956315429,0.004813042479359458,0.0187354029359314,0.022638233922343383,0.0998350651696831,0.028892215063953064,-0.0,0.028892215063953064,1.7312381453676162
20230215_BC13,0.18553521139303542,-0.022459643658572396,-0.07171433814423293,0.022308872116603103,0.21233093548937698,0.07034562248170903,0.17715047012733517,0.10404681551124728,0.05178271398495745,0.18869372058769296,0.04333762764704216,-0.1228018948508665,-0.0022316049458396487,0.11572238414304617,0.8556783021860317,-0.06289703996386822,0.9185753421498999,2.315864572906233
20230307_BC74,0.07905150917393351,-0.0379846122011828,-0.0383643072546416,-0.06311467276959727,0.12430248074436018,0.04328148979731305,0.10896416871765378,0.033505685858064904,0.004890192183947761,-0.06886822321302928,0.13290598835741585,-0.11599573094894888,-0.006274853371679205,-0.06079191006116286,-0.22542943620415892,-0.30985137757448716,0.08442194137032823,2.18710745456344
20230307_BC79,0.18804561238880133,-0.014732682404214548,-0.0006944775976159981,-0.042317285760436155,0.1738260162254884,0.04026798757490607,0.14348203918778718,0.00883848222866864,0.12787940518793633,0.08648807658448728,0.09985132853165676,-0.21490883100466365,-0.01446344412382879,-0.015689961516563565,-0.0046277959322631994,-0.00578628595421159,0.001158490021948391,2.353577778082971
20230307_BC61,0.1525125101902548,-0.019243831462195243,-0.017799123948233055,0.03676633395483712,0.16565144073407467,0.06627163741692128,0.1640010164699038,0.06457038375491111,0.07251223505480972,0.14941892048925837,0.028668508329148617,-0.13487227229111365,-0.01637220835066772,0.056070476674457526,0.3362554017486806,-0.2501946266264097,0.5864500283750903,3.258304687144962
20230307_BC67,0.0795898674787536,-0.03607094895119206,-0.0006325595370517185,-0.009600120827918009,0.2718941107689339,0.04316836017505709,0.1822662870855528,0.06348270909191492,0.03800642841794633,0.18870671368132105,0.07076954195692932,-0.09077819572283188,0.0020446259341603996,0.08949414933732135,0.19858347868072795,-0.0025320781386107614,0.2011155568193387,2.718200667416676
20230307_BC68,0.06710177125038604,-0.04635379907378717,-0.2688520346279656,-0.00019164893641482924,-0.0007359040470738051,-0.008533693418455756,-0.05382973354244931,-0.0003673271281284227,-0.0004407925537541074,-0.07601610327625703,-0.0,-0.19140389634020064,0.005960433073725568,0.002954686129658313,-1.972166678823926,-1.9736459856629753,0.0014793068390493683,1.305223223231338
20230307_BC62,0.0015756572495391789,-0.07559297328392232,-0.2011084983970819,-0.024199570663155808,0.083194333123134,0.07359387870770843,0.05743433212242285,0.00812153414438156,-0.060596890808646185,0.017057272334544904,0.036123642442627064,-0.15189928118353757,-0.013977182633139377,-0.01170521029387905,-1.1943080340730563,-1.2319912075701758,0.03768317349711951,3.2579202250804697
20230307_BC55,0.0035868680735074506,-0.02626342629065727,-0.00020635497775023303,-0.018272602735728415,0.10203777174939703,0.07913270808811503,0.05701502318415192,0.1257183465690545,-0.016658883917508478,0.16081424716420561,0.032036500729430574,0.17835676969953043,0.03988500050322417,0.1479809434348021,-0.19601909101875248,-0.19910709095931095,0.0030879999405584815,2.1597818375380005
20230307_BC73,0.13217125141164515,-0.04695595275194633,-0.00028809902820229276,-0.010530032236312391,0.2531813046351129,0.048164281293883185,0.16387745285552338,0.07626011204864838,0.10516362927764675,0.18716732629380167,0.03789207021336727,-0.1506419690206658,0.007153601835648696,0.044428532234676424,0.0028762281485005398,-0.0,0.0028762281485005398,2.2005537154201344
20230307_BC85,-0.02490003724331379,-0.062430891965411475,-0.3758964170471633,-0.045302550839520006,-0.09748732532902281,-0.006343424799232713,-0.13830299536152083,-0.06389680924620704,-0.07020540589719061,-0.10224275729226545,0.019062305207585048,-0.2696611236798996,-0.0042841375999955805,-0.07774853661448292,-1.260817562339495,-1.2663023633281574,0.005484800988662413,1.2065006067858803
20230307_BC63,0.11054593798962742,-0.05613780093020721,-0.00020617374531295467,-0.0441203288552093,0.17422011604488796,0.03190741450386574,0.1481034852122506,0.03238290668008729,0.06742544303791044,0.1549303859210545,0.0779074453469949,-0.11068924542936463,-0.018263939779635547,0.03452269029409035,-0.30627809215662016,-0.30730896088318493,0.0010308687265647733,1.9950531081566787
20230307_BC81,0.10436259940959974,-0.0021246493033213088,-0.007228250344582665,0.016838746050168253,0.1767338732719355,0.07834953726219647,0.18657769862937684,0.1249117559042116,0.01714922714904905,0.2093296832755789,0.05727582202353793,-0.06605399062392169,-0.0058977326886860025,0.12417176442244551,0.395297833960984,-0.0026757184133834933,0.3979735523743675,2.6308034108549805
20230307_BC57,0.10157278665247811,-0.039468677654407355,-0.013811419616214005,-0.020015756908483156,0.034709865085830974,0.04093924482488711,0.06583760633472953,0.10714306941315743,0.06197142103344583,0.20182461481735808,0.06131070175615218,-0.14688808641213322,-0.006556077227919403,0.06532441702499822,0.5065330214730431,-0.15206031729658745,0.6585933387696306,2.2540647719895293
20230307_BC72,0.10372292419883103,-0.04907299572161404,-0.0005578983556908108,-0.018959951544906577,0.2773286696028882,0.04135709388663003,0.19668135581277865,0.06256690954520011,0.05995963673128668,0.2042921693698311,0.06996018297416261,-0.11873941426511482,-0.009022103591420404,0.09387311368885032,0.004097884958835331,-0.005587942053193865,0.009685827012029196,2.466377417990771
20230307_BC80,0.0002821939402707839,-0.019110489371820635,-0.1048131723517746,-0.021065605182057287,-0.006723645019309733,0.050389695642971376,0.014955111875513523,0.06784233206808384,-0.006429562382896355,0.22781135685385717,0.07123877590859767,-0.07476007091220019,-0.01337368365459328,0.18328300579558393,-0.0033412576506011774,-0.04083641295081537,0.03749515530021419,1.3212886305572369
20230307_BC60,0.09204875833898424,-0.05256470585948378,-0.0,-0.022699314975132136,0.28571809852805036,0.012702743920838455,0.1807345729164366,0.027253433074699074,0.05973370009797983,0.07869124227043098,0.05542850307487677,-0.08588998510681504,-0.002244133698370556,0.06498104659848832,-0.8254871208968366,-0.8676065007058521,0.04211937980901542,2.295332708068656
20230307_BC77,0.11343962654131101,0.00890104295244405,-0.0244823538835017,0.05650519077046427,0.2705793808750063,0.13801583825175676,0.22953570854640404,0.21638081514280652,-0.006539022783053931,0.16444356848728503,0.034898338431853776,0.058242322008654424,0.023066002910481345,0.20375577385382262,0.7858646258571635,-0.005797374141292748,0.7916619999984563,2.921626792037109
20230307_BC58,0.07984436921340644,-0.038021657024115064,-0.005650914057344535,-0.0357816565257131,0.07192552795964924,0.054197563175666374,0.11058369928835436,0.12014770212969346,0.051549706227602854,0.1987829186037262,0.10378460581950312,-0.10694633045417783,-0.01575004756185416,0.08959894964396777,0.25188546665702466,-0.1690143707991783,0.42089983745620296,2.662041804378848
20230307_BC71,0.05823256084902708,-0.07329358084710587,-0.1985552543453185,-0.02814718311912383,0.23176246713844834,0.052967539378770384,0.11199796497438266,0.059455322812415744,0.057071944219813264,0.1750002878375723,0.08322014287326907,-0.07570717837442274,-0.007867731537805914,0.08862099930950121,-0.24000744678667635,-0.24438221833583118,0.0043747715491548305,2.452265966414421
20230307_BC83,-0.07837229488751522,-0.06468598981181582,-0.0023469309290281635,-0.0344278626940993,0.15571463530353322,0.0498026945610076,0.133061432038693,0.018053318870029474,-0.05631733239519784,-0.06681895710696463,0.055974142330769215,-0.0013689543288580726,-0.011064368333968117,-0.06056705712409592,-0.6377408567883175,-0.645260836299733,0.0075199795114155735,1.2140860920262024
20230307_BC70,0.13699858422490999,-0.014421404800019997,-0.0007659564308265092,0.009911668953418568,0.15159117939326316,0.1505102458379964,0.1427712489398723,0.2107639257860752,0.05617781437403402,0.17268723172925277,0.04481823485641521,0.07146997601455059,0.036437773726507916,0.07546864506139186,0.46534372489749554,-0.006397987599440152,0.4717417124969357,2.353966381743893
20230307_BC56,0.20005571480315457,-0.04211217254164487,-0.25986996891437253,-0.0036248919472163786,-0.003339040200687555,-0.07476950160934287,0.026249760729849587,-0.008021391486154881,-0.0033322111656175018,-0.07325235007655748,-0.001777110862628648,-0.17371104711226942,0.03626209453333074,-0.002673646635566794,-2.0401023478343703,-2.0414364639632296,0.001334116128859357,1.5953559541966782
20230307_BC64,-0.0,-0.009810546376289291,-0.0006143673681369337,-0.014417346507511936,0.0007666060145481099,0.054619592750821545,0.06928630927834999,0.010040228003951934,-0.0,-0.24380137163271104,0.07607617955213243,-0.00043883383438352404,0.017217363657197962,0.0006073817455133475,-2.1745233496984286,-2.1745233496984286,-0.0,2.1932311600443173
20230307_BC59,-0.07087128863600023,-0.013682018962960686,-0.009653857548496226,0.007639621153339978,-0.05207608418205063,0.017724713172712635,-0.007689486482906653,-0.11703858061697615,-0.08234733906599265,0.0036186782883018964,-0.0515522507670067,-0.05984172685552015,-0.03364633847615271,0.023430684522593802,-1.0023560005298369,-1.1879839150232587,0.18562791449342195,2.093590660402022
20230307_BC69,0.13700617289346664,-0.01411979594247238,-0.02210015406062247,0.00461255001357671,0.2241921283538076,0.12503179734940897,0.20395777419438782,0.16237406560620274,0.02983887796065015,0.18617350335908442,0.06460485068567551,-0.015912720096464016,0.011140069812797432,0.13107137947274167,0.299444634604302,-0.05625634814118894,0.35570098274549095,2.844241268734032
20230307_BC65,0.1340726168219607,-0.02141645933166573,-0.053985016309604804,0.02601291169517465,0.1905386598628712,0.16517231282445521,0.1933069766345553,0.2277343823598851,0.021731101775220623,0.18366290425216503,0.071711044355579,0.005026934676843344,0.014116424546695273,0.10306900882353658,0.5850825792386939,-0.0,0.5850825792386939,2.6959287579063496
20230307_BC76,-0.0036029255858608506,-0.0746569976297225,-0.1833975988454319,-0.0532383623675051,0.15322873265479903,0.04336625698885779,0.07552004998663539,0.06607609743258501,-0.002445454904094345,0.20214331974638172,0.1126310636308698,-0.1309982848895942,-0.013377699643502997,0.1616035403515858,-0.031045713597277917,-0.032156868052473475,0.0011111544551955569,2.1052246581768075
20230307_BC86,0.020724739767781313,-0.036430083443586,-0.0008474657092463029,0.008603895051704237,0.14169174468041681,0.07822854904433243,0.16561106918417604,-0.00295558383324294,-0.049224163041619674,-0.18650389889687494,-0.01071579187720326,-0.1363862505195879,-0.03951930085547089,-0.22994847188292505,-0.8082214041622688,-1.3858542155042708,0.577632811342002,1.8824963402254031
20230307_BC66,-0.015508855996595378,-0.022970085247994217,-0.1651502146263203,-0.02667109687365212,-0.083341008816658,0.07977348485138959,-0.022014429519197673,0.07342267598077871,-0.03466140489144713,0.09006468277603377,0.1052238199380977,-0.09702535730508469,-0.010427391414124795,0.05499155492927381,0.09575590395553879,-0.6771944548867603,0.7729503588422991,3.3228500105266137
20230307_BC75,-0.038987936629315906,-0.028293614928545572,-0.19154370958066957,0.0023560216340767965,-0.08875547957936844,-0.044144680616435894,-0.08515073127055903,-0.04954295575308226,-0.04792011593358893,-0.09649792571963518,-0.021293240841515057,0.04270431738525545,0.009961287294649868,-0.0008017116077837394,-2.1357749559458363,-2.277131180045914,0.14135622410007745,2.4483349614855627
20230307_BC78,0.048988836283560135,-0.023285378217720965,-0.05487749737317019,0.03967370433103789,0.1892754715074416,0.08917256792401604,0.13700021672968388,0.13300207966979746,0.014791247278840828,0.15289980482131257,0.03386684952022307,0.15871827116961443,0.017518205710821595,0.11129467002118845,0.15498960207959908,-0.019652957977342872,0.17464256005694195,2.839902601579024
20230307_BC82,-0.08679164080676968,-0.04345577008531181,-0.2590062496286704,-0.041785244336547164,-0.1616799957297153,0.0562459225966771,-0.0770439191567638,-0.033775337468958604,-0.10916085387593126,-0.021417954799779926,0.04340685566093258,-0.1848273374867083,-0.026560840833260286,0.013238976397490883,-1.7249855740584148,-1.7262254597948088,0.0012398857363940957,2.525216607984509
20230328_BC30,0.0003245879572804194,-0.016565462804395695,-0.0018146080603716158,0.0003985062111546814,0.21971057024377313,0.04852114677311935,0.17897400532950639,0.07832125910293512,0.009219971497255439,0.21086977072758795,0.058038380894131505,0.00018110663022905826,-0.013337779884770555,0.1684365355242424,0.0013022333052446226,-0.002600573530525405,0.003902806835770028,1.9467979993405151
20230328_BC25,0.0490521498553469,-0.049049360788465224,-0.28973356888998586,-0.04499379401218643,-0.10743244929198195,0.05465145121024254,-0.08440112878481038,0.01747195215745134,0.040812923076128625,0.035204823284692155,0.06925199815613273,-0.3836341507949683,-0.03317676740517996,-0.06873471485294079,-1.0049047693630095,-1.0124983742590374,0.007593604896028038,1.933309956327269
20230328_BC27,0.028311701529705233,-0.052326233053234236,-0.02935172302701248,0.005821321393963171,0.2534649670754585,0.01926047607862203,0.14439531108315784,0.01763124401689939,0.005258553058664054,0.16711623678387397,0.012774223662481796,-0.03757499599433424,0.0009503456220088268,0.13409362655965512,-0.1819545794796578,-0.19085762941391507,0.008903049934257272,2.3503734860237144
20230328_BC26,0.09434497465115627,-0.030912780126553248,-0.006021759556998498,0.009308003598300679,0.19336039721434614,0.09091827368741756,0.13285475410725286,0.12990782373687268,0.029807885592921125,0.18119480606835459,0.009421973498259701,-0.001855444602567742,0.03827331807663506,0.10642372357542347,-0.008376455081295836,-0.0135026453365573,0.005126190255261463,2.656132764272652
20230328_BC31,0.003673811184690983,-0.02022223646284276,-0.001976621795363822,0.008261607589312867,0.19817539340487964,0.032270293802784664,0.14623515787971333,0.04325142175521111,0.006923803878686366,0.2087821817144706,0.03708700641910062,-0.003482664629203639,-0.009846638493177417,0.17522885097322646,0.004969667249321938,-0.0024919421244394674,0.007461609373761405,1.9788245494152783
20230328_BC29,0.0010401294906920852,-0.020220266393750887,-0.007236215999054903,-0.003883522836950701,0.06408178023656905,0.12042810408079023,0.07585621217907823,0.11083054428948562,-0.004097595505630891,0.015595301810502879,0.0023961980375271147,-0.06587204277084974,0.011911644197036834,-0.0642390676030864,-0.8902406427964615,-0.9247902002226406,0.034549557426179024,2.4875225467687314
20230328_BC24,0.09601529177156343,-0.056457135471228936,-0.1131446565677769,0.03918872781485918,0.21094242544062095,0.08879251852572664,0.15475498720763334,0.15562302128611957,0.0317828725632927,0.20431090545396371,0.06401661500200095,0.024408894580727963,0.009968436876139145,0.08713733583156312,0.011770869310958224,-0.005066882726977979,0.016837752037936204,3.0829134117032355
20230328_BC28,0.06355328809452988,-0.04865565174759267,-0.10642968461330535,0.043534947980320496,0.240199501317817,0.1204269831292793,0.19576608172742418,0.16769044275937284,-0.049514673366586534,0.20158711610562532,0.03738978382726675,0.059958353343441906,0.004826818933444502,0.15645596530267278,0.11876759323813127,-0.18217850510463615,0.3009460983427674,3.0263342152096264
20230328_BC22,-0.1566820873747256,-0.053609908138496025,-0.31366034237955864,8.537505514494256e-05,-0.1586282328403004,-0.07481758170139907,-0.18902426322345756,-0.10539829313371629,-0.1290937233206818,-0.23249233003174696,-0.06911867666521784,-0.22404310169968475,0.019695574343131822,-0.12380593498759322,-3.4256757926481156,-3.43353029772145,0.007854505073334715,2.127973894528476
20230328_BC21,-0.18037178686441885,-0.054102251081322765,-0.3157278237995094,0.00025243586559253685,-0.1810964635247999,-0.0659601769161583,-0.20131110600728325,-0.11851847831478708,-0.14528599287518842,-0.21588536351671705,-0.07975849709660439,-0.2249660992344869,0.0061386765441278695,-0.1435340500236965,-3.124888502935178,-3.1287563156657368,0.003867812730558911,1.8636763529773173
20230328_BC23,-0.018775149998706834,-0.07599592481454268,-0.18724558497530205,-0.009596358518810872,0.24857065864509686,0.05159366628547311,0.13302982071984337,0.06848228244621539,-0.01771950187313154,0.15451409511367634,0.08072754802760448,-0.133278990571632,-0.018121505903021855,0.12344783525303801,-0.15184178248571042,-0.15511677336079668,0.0032749908750862714,2.603377124461177
20230131_BC36,0.1324111431745181,-0.005980291407299858,-0.03969375452902543,0.02824782961574077,0.23605698719534846,0.1797090050682257,0.21937102103818765,0.24028052282850879,0.007979688057580966,0.12032764202725653,0.06241785352479618,0.15544028726008244,0.019570551057183867,0.08490810128386778,0.7664384766326473,-0.0036842304582801856,0.7701227070909274,2.807904940120132
20230131_BC53,-0.11151710717447129,-0.007678199080430222,-0.0033313131785241827,0.00012264507120168753,-0.0830176067115396,0.002563877972706598,-0.04501038308731067,-0.07122101204977284,-0.08921368573957703,0.1283225359387541,-0.050030277191170036,-0.002774717808947662,-0.022787776082837614,0.10349174498282332,-0.9005449894410607,-0.9033658260786994,0.002820836637638813,1.1103017238344357
20230131_BC19,0.12544626856502156,0.011215179657979128,-0.0,0.02785973951791253,0.2566157784815899,0.1432021777693242,0.22102244243419494,0.2006048282281699,0.03118777919202382,0.16038794023396727,0.0452109403274875,0.13047298344888028,0.0171438502873453,0.16932532616490087,0.6776582686781661,-0.002810431615141734,0.6804687002933079,2.9669310207238206
20230131_BC52,0.12889729117685678,-0.048965172767067126,-0.08938865236919805,-0.016422986083324494,0.1932689607309666,0.08749660830257554,0.0843785396593782,0.13799186651390594,0.1026833610411437,0.1708389260210038,0.030597408339057577,-0.0430023453846945,0.03833319562589825,0.033772173672354876,-0.0,-0.0021886579703724526,0.0021886579703724526,2.143290922985067
20230131_BC38,0.029350763328834868,0.03166007157136562,-0.03303428827498239,-0.011837255565454915,-0.1040250601178567,0.09159389192651705,-0.023728881640030803,0.16806233864095044,0.0009091020417841738,0.11395076056010923,0.05658147116088582,0.20164456706426867,0.02184288422101911,0.07435208418345181,0.32794330500879115,-0.008277458056405345,0.3362207630651965,2.4339181216285963
20230131_BC39,0.19065819932081574,-0.022750264754656364,-0.10752760143728782,0.05949097304407482,0.2521124343761889,0.1666331424040374,0.23284907138762748,0.25453691356692754,0.006442192172288664,0.15224615371808287,0.044135741974110874,0.045681410739389326,0.0191929357847282,0.07960316268538346,0.8783596190758838,-0.13924220099496804,1.0176018200708519,2.6065327213702374
20230131_BC54,0.07894275179168982,-0.05324179447441064,-0.0,-0.020236373644867627,0.248348397493246,0.035543378874512796,0.1709228415981336,0.04900354023749096,0.061289545690386305,0.18427404576048062,0.06140326636116073,-0.08680112684466501,-0.005841992293189378,0.08448815124855275,-0.0022311607352010466,-0.0022311607352010466,-0.0,2.515589779621977
20230131_BC30,0.10206142560825589,-0.02307612355625751,-0.0010284756521970091,0.01584641698979461,0.23937168551251684,0.08437272997888165,0.19869574461348935,0.20067571203519063,0.013243751134475113,0.1351172949874666,0.03649257576481835,0.038706805105232174,0.0487942373723748,0.08667176858361028,-0.30513906444856864,-0.9814717794122292,0.6763327149636605,2.5534062612968675
20230131_BC42,0.14136897376872123,-0.049305773696535646,-0.18278675237198527,-0.01585535928134552,0.17739265316707498,0.10602357239564225,0.05602643285043863,0.16831080649384103,0.09661176304241968,0.11783943886829946,0.03772384567692652,-0.17487495976813672,0.04678500404060338,0.005676429249160125,0.11290572510251085,-0.04704203255504723,0.1599477576575581,1.9803336964942493
20230131_BC35,0.24142034903437026,-0.02094808733557737,-0.08918899546562624,0.014328414780017616,0.24440343860902192,0.17987231013195099,0.2112417200634968,0.24165073658592287,0.0996707229414415,0.11259739452779177,0.07477404084563948,-0.1764529519113252,0.02123565272352125,-0.01021044906166181,0.6852512370812549,-0.17749236037127908,0.8627435974525339,2.915258061534266
20230131_BC44,-0.25630642440283763,8.526367708756645e-05,-0.0,-0.016188547346953887,-0.2559990933610153,0.04825883332722841,-0.07622365232087369,-0.06416673125893979,-0.16965110626845809,-0.0006308377344464988,-0.007859224186856743,-0.00035323523364848953,-0.03226143730632369,-0.0375997428680274,-2.5927905380848935,-2.595263184720433,0.002472646635539427,1.991472897368744
20230131_BC55,0.1441211607501346,0.003245774919526735,-0.001757744228339212,-0.022512107419077228,0.0868051573039199,0.15604724645404847,0.09936060611754655,0.134400493883684,0.10453374057996526,0.08853210448773485,0.07267118309727857,-0.08463919182159504,0.023272160286788916,0.0005338477794575889,0.08545147540766225,-0.0174031089949381,0.10285458440260034,2.544717952291438
20230131_BC25,0.13685741978308671,-0.012187206952751968,-0.0,0.011456063710169096,0.18393105179806565,0.13673306743646274,0.160486924565078,0.20876889895298611,0.0470936706637997,0.13792581630868214,0.03855241028952995,0.06136146910486532,0.03891991795782895,0.06047237287187448,0.589832758494461,-0.0031718990097602574,0.5930046575042213,2.3660026880001435
20230131_BC27,0.12120330776441801,-0.020080682773842017,-0.02326233855099597,0.028232046528640243,0.236753485644637,0.17211469173858573,0.20572841755858898,0.21670871840678985,0.0030080173448081616,0.17043815484366714,0.03767543487689182,-0.016615956107854265,0.024350995395873286,0.11858916151520307,0.7725906276629037,-0.0078104020900171605,0.7804010297529208,2.678264677601537
20230131_BC57,0.0619241807650286,-0.06536383587914628,-0.10388024216631395,-0.014418622925652958,0.20131548133619803,0.033761057440058154,0.1452472591094603,0.047953522272979075,0.0013211916977699189,0.16816174180624874,0.07715861802160608,-0.01114007410716258,-0.01011350611679757,0.0895714630119176,-0.3100896555185827,-0.31293899313661205,0.0028493376180293447,2.4943973627954352
20230131_BC26,0.14163602739864603,0.001778278757812938,-0.02115769816111014,0.020291115680503565,0.15538461670945192,0.15916379334305555,0.13913124298506493,0.21274997571109286,0.057528795097546735,0.11539397898229496,0.039877275333309016,0.04836494522944044,0.03400462408757282,0.07595082986595664,0.4980283839032244,-0.02077660111166247,0.5188049850148868,2.3730546285449043
20230131_BC10,0.0995100152642413,0.012948372698659448,-0.04227173294708981,0.04625899232014989,0.13834002928254388,0.14420262242990892,0.16649630974624594,0.21654114279861272,-0.017531277728449934,0.1578172977476019,0.04892729584171931,0.14055570439403048,0.01565234711049566,0.21896860602270043,0.4419214691899343,-0.0326413423020872,0.4745628114920215,3.047668085045672
20230131_BC51,0.06003989275684347,-0.002976301182180525,-0.10489880039861524,0.04579168257774606,0.17327330787169049,0.1695880737810173,0.13315497006508686,0.18484683346685418,-0.025373642072851248,0.14910591734813583,0.03733018021465571,0.07555369901325291,0.018913706022130716,0.1689521617828212,0.41180798878917063,-0.006429259286172995,0.4182372480753436,2.9980954992999367
20230131_BC01,0.12312255902726797,-0.013164301788299401,-0.0,-0.006929304184385626,0.08991014110611627,0.15195355459977056,0.07220669469284084,0.1707277494588342,0.09378233043466484,0.14032451488627395,0.03164046027692415,-0.09914116216274652,0.04081272599087175,0.014525846759870998,0.005090242072961607,-0.005090242072961607,0.010180484145923215,2.013415045137802
20230131_BC02,0.03126760384256744,-0.04532904389238167,-0.023705290867021923,0.0006084397493471584,0.2564382951973995,0.10862547841028851,0.1572215371828827,0.128075869315597,0.006486185655635549,0.11709215555817219,0.037102848794224735,0.020221259956226874,0.03011538557408415,0.10181882107346854,-0.0033111969022662563,-0.0066223938045325125,0.0033111969022662563,2.568986972995789
20230131_BC60,0.11952214384390528,-0.048734027642521265,-0.002532139564933275,-0.045547403590889546,0.16482438097399366,0.047897213526966,0.14426698111857086,0.06553443708798345,0.09392144681559719,0.19262427797652987,0.1008415695604225,-0.15012412922748708,-0.011740821301625237,0.0519586235146708,-0.08203105601650096,-0.09264831113547844,0.010617255118977485,1.8725084679849395
20230131_BC03,0.3001201892449757,0.02424942363331495,-0.11183483406205988,0.022011570304549664,0.06173801765697602,0.12207490646222918,0.14471536769166957,0.22939833883322494,0.09927335111903154,0.17383936745500744,0.09745037277802085,-0.1533195655552407,-0.014333734982891796,0.03476072153914228,1.7692098903109619,-0.0,1.7692098903109619,2.727880518977305
20230131_BC16,0.14445583276889348,0.013482303664881514,-0.0,0.020149427029847865,0.18677085825879397,0.16656131140179517,0.18276068094976322,0.23712685095367836,0.04039844476182851,0.13208975924205113,0.05047267967243356,0.131825794176091,0.03203114962810085,0.11470287528246956,0.6910252593950339,-0.0030479069719695296,0.6940731663670034,2.558311126585456
20230131_BC32,-0.008060604603625298,-0.001982230025665656,-0.11998547538892597,-0.007989607459542369,0.0012655253091472494,0.024658618462436943,0.03904976966254926,0.048122298178473875,-0.07673517895691909,0.22260764922600051,0.07149100192084216,0.08252575960066014,-0.04414988506831038,0.1799745075365457,-0.7565191748825008,-0.7787148352684242,0.02219566038592351,1.959814633997636
20230131_BC58,0.033193508221901605,-0.04995940225993862,-0.0005550462774115856,-0.011112787227745885,0.2240374297404278,0.03065095053810711,0.15631158927196145,0.026565394126550762,0.026554806577521285,0.17208900004561528,0.031757701416981206,-0.07288371715293028,-0.009567499429650149,0.08693012116814682,-0.2501884170694149,-0.2501884170694149,-0.0,1.8193417217611465
20230131_BC12,0.14069028828715752,-0.018041173506789552,-0.06694687672651639,0.045707102059439016,0.2014063002708468,0.08498766892384557,0.17767528899720333,0.11073255304735895,0.011032563439561974,0.20000204080722678,0.03978651432370265,-0.07265707766425993,-0.006128281013434553,0.1459903661409299,0.8984930933991362,-0.07381394631607428,0.9723070397152105,2.4253578990502875
20230131_BC14,0.07246814695628871,0.0007674650447285341,-0.000557432900137566,-0.014124843829368924,-0.0001548246365346822,0.019603325193228188,0.014079223621928982,0.013746408401426135,0.044402113419104425,-0.08324437342302746,0.023169634695348038,-0.07234108681239042,0.014775723350890932,-0.03517015597732608,-0.927902055791858,-0.9975089860901636,0.06960693029830554,1.274613539470903
20230131_BC45,0.18564298385257816,-0.012004178925472385,-0.0,-0.001039961103778551,0.25743032853860137,0.14838571739822304,0.21775859795116553,0.2304592123624655,0.06821775386255399,0.15387768645521258,0.07048545805246348,-0.07960968727140404,0.03438089404501212,0.049442529199204666,0.7343453684852448,-0.00851028828626934,0.7428556567715141,2.3818011826016385
20230131_BC29,0.16660349608211344,-0.011916771440692387,-0.03457789118947903,0.02049188429094451,0.2273415326707826,0.1541997787994579,0.2034600774251303,0.22905441134412383,0.05321112401659628,0.15637443385649966,0.050738340085963535,-0.006524088473870605,0.02534885265048418,0.1046971345497546,0.6118039535401241,-0.010962333479838684,0.6227662870199627,2.655563428030504
20230131_BC20,0.08859272807625646,-0.007838029862872667,-0.0005647909644427914,0.010591333228737483,0.19365860351293374,0.16576094668549685,0.17162839788696294,0.219273619187447,0.024401786566400976,0.1412766137200884,0.05038676447701773,0.04613128921580711,0.03398231064488483,0.08707440385397117,0.37201797025245786,-0.01683519785927135,0.3888531681117292,2.433837675097362
20230131_BC24,0.024738316775999518,-0.04530290270453964,-0.0030612435228427512,0.009410072794972846,0.2433238093597769,0.035051405217092,0.1527683285569343,0.03961630431745248,0.00246460359711641,0.21202948175240388,0.021328577067321934,-0.006436265247447061,-0.0010906393558946126,0.16613259708110786,0.08696861746658617,-0.08629188077024587,0.17326049823683204,1.9721880587166425
20230131_BC08,0.09739089405474166,-0.003548909184798409,-0.019467249044762623,0.02392142637269471,0.23834276635765084,0.1313896893722697,0.1920237792790697,0.17832261415447145,0.018459103426517146,0.14811420380874785,0.03873744807298418,0.0832012547920922,0.017852158920555777,0.15756975811905144,0.46154158666079154,-0.07726718531061033,0.5388087719714019,2.855159933826961
20230131_BC46,0.06213895946616328,-0.051851974494337476,-0.005775843452464439,-0.0361107982568969,0.18606273342800453,0.025580711422557422,0.1258711961944759,0.03719586830166254,0.050394858790459206,0.21755167127329528,0.07032392026885216,-0.0719439572489575,0.00024354638343146678,0.12433016944570559,-0.0022909505142542056,-0.0022909505142542056,-0.0,1.928244044616695
20230131_BC56,0.023774489945896024,-0.053341786801448535,-0.004404334824605406,-0.009854541185856814,0.231086843940341,0.02893715836476161,0.1580124997798757,0.02767279193290281,0.01689418202176129,0.18314990684574026,0.03193391088318295,-0.05262006344637204,-0.010246464949684628,0.10720208057899694,-0.21441218811063256,-0.21646094406548225,0.0020487559548496713,1.7306056062492274
20230131_BC43,-0.026431268694522392,0.006917136139979012,-0.19471537064338645,0.023744154158042475,0.08178946131859616,0.07878480225872571,0.08907840412976167,0.10222202100827861,-0.11497900413557786,0.17677155497396435,0.07159452206025677,0.26394981575078985,-0.02174982167539362,0.26334398210272447,-0.2602338748649536,-0.2661859913781693,0.0059521165132157255,3.335239623901399
20230131_BC22,0.19560345651802155,-0.05001956740285095,-0.24257199323062723,0.0029033398935862796,0.18587273291566395,0.15068800037396018,0.10555245722802767,0.19853491556700922,0.08490474340124125,0.08969287463866997,0.05957786875931538,-0.28630272275936164,0.025224526261694614,0.004718579112768561,0.45486954486133674,-0.04541436098360256,0.5002839058449393,2.6456334346441785
20230131_BC48,-0.0699586797886541,-0.06505192129333165,-0.12446342351170805,-0.036901378827000515,0.19545984514974293,0.02523326937830796,0.0914470160087266,-0.01931775455031817,-0.05394164485298877,0.07792718084592959,0.0367430372276277,-0.022188092529970418,-0.019741870981847695,0.0869357658248191,-0.8387345940735512,-0.8387345940735512,-0.0,2.6412185258850087
20230131_BC59,0.019859347411174136,-0.05365025519850018,-0.011377771103507751,-0.035702486382444984,0.18985873704302525,0.03245965649221174,0.13891669685445432,0.051814117665845955,0.015878964785260928,0.20477934592408165,0.08030288152524642,-0.027609497470690535,-0.010207950730880556,0.15631667843242555,-0.1006805808230283,-0.10320584949107796,0.0025252686680496492,1.6564677349177568
20230131_BC21,0.19067964423141978,-0.007649340866865315,-0.0,0.03598689208254402,0.2706164258709966,0.15494771296616003,0.2539505182856926,0.2562127198686958,0.04824077419663003,0.111352362056135,0.04761356721405805,-0.02198375947835726,0.03025170097637383,0.03766219068593992,0.7276204831091434,-0.2548101024425825,0.9824305855517259,2.616048750996152
20230131_BC49,-0.20453046588359491,-0.03448168857394483,-0.022067813122135328,-0.010765454760434086,-0.09077059843233692,0.024455939602206052,-0.020391394752537196,-0.18618801726746262,-0.17606828495534793,-0.37056508848066627,-0.052973088638882566,0.000794329312872455,-0.052877782947079725,-0.09214144414961987,-1.8307147795253291,-1.8330923967739026,0.002377617248573332,1.8610166504728969
20230131_BC47,-0.18594836847109683,-0.0063823691126845905,-0.035114950711089575,-0.005378769961115838,-0.1847531624071631,0.07015192983282552,-0.02180367301156245,0.007527162385684909,-0.12907277099558273,0.024963418532387954,0.013462230635766508,-0.02553503693803541,-0.015043489790126147,-0.006138657664318692,-2.116671701021591,-2.116671701021591,-0.0,2.385761708617381
20230131_BC50,0.23377632201575618,-0.01477466846687266,-0.0005589754562819695,-0.0200967625636456,0.13363444648151687,0.002019827128944402,0.0727297743590824,0.0027337360176088016,0.18674335701688213,0.0828100841541768,0.028240084813314446,-0.1577114847410151,0.004151699167662086,-0.11701672182871174,-0.005589754562819695,-0.005589754562819695,-0.0,1.2044017739118635
20230131_BC23,0.20410739119144355,-0.023737077165367586,-0.12348983828580021,0.01862378444038424,0.2536383551987321,0.13533208019854093,0.2543613925008706,0.19876142669063665,0.03597213513564328,0.16790871389931375,0.11251241033804243,-0.16573208340037057,-0.01927724251401655,0.08635285382342764,1.0850459665656762,-0.05584610683479701,1.1408920734004733,2.699182906316397
20230131_BC18,0.1356513548681156,-0.001727415494109365,-0.004143235662983065,0.025907664529808735,0.1511761381462326,0.18898549208839813,0.1462186486307739,0.23097535940961111,0.05812053594073739,0.03672632735848239,0.05085878224588016,0.053124190844301346,0.03486953697249792,-0.02956405641313182,0.4705433966949756,-0.01681083950051468,0.4873542361954903,1.8532116289810103
20230131_BC07,0.1495358876234564,-0.015117220334431176,-0.0010777344840764446,0.0031943096129068284,0.14769796147327635,0.13924690511672985,0.14954526555076814,0.20830847592368326,0.057502387216052164,0.15904020580047698,0.042371294311424154,0.010081618999856773,0.03724705690835847,0.06818947360378538,0.3128112325355381,-0.0,0.3128112325355381,2.0849801270715806
20230131_BC05,0.09366655380039311,0.007737622022120039,-0.049046317900961256,0.052688836579110894,0.18641398950644214,0.11885733617926354,0.17987556133633947,0.16838089653570879,-0.02344767696020474,0.1873948404818165,0.042227376065021964,0.12536751002537197,0.007536833846111707,0.2446846203169355,0.502214607273212,-0.031780142912586413,0.5339947501857985,3.200478627683012
20230131_BC13,0.08569787419934914,-0.018467227868003252,-0.0,0.02493793874646682,0.2115785987967267,0.10525129520145693,0.16900826264791755,0.16622814950838058,0.011251779079269903,0.19037908073207224,0.02373768022970902,0.05473890024935059,0.03207325430051677,0.13448329076467627,0.5023318368800844,-0.005036814727114668,0.5073686516071991,2.5550084842257994
20230322_BC04,0.12465926571444996,-0.02615502253751908,-0.0005307780052593842,0.000750600473296969,0.24066827582040862,0.08787763180501917,0.19262912076027988,0.0852587570045923,0.056141581635763535,0.1982029548514043,0.056364671249739144,-0.09158875270686108,-0.0064579338009721834,0.09484852320759202,0.35482793892769166,-0.009282558234517816,0.36411049716220945,2.8589308254521
20230322_BC19,0.12882001204085206,-0.08577978120273871,-0.25334597110191454,-0.04504488138669562,0.2418111124614923,0.008690699914240194,0.0664198186203005,-0.0073268177173899975,0.10186661668681665,0.01801012811084937,0.05095330156140959,-0.3874975630486263,-0.003898515529112357,-0.11745538471410802,-0.804601333512558,-0.8102159515503589,0.0056146180378007626,2.276728140982012
20230322_BC61,-0.20638862655527412,-0.059294730099125,-0.3389134329411309,-0.04381581534711717,-0.20569649420795427,0.04124231320436959,-0.1437397700222107,0.0077698384159263405,-0.10974567864293341,-0.1379692948496272,0.05991901373643963,-0.24283063364650465,-0.035757080886667944,-0.16422524011825365,-2.2085261714257736,-2.3235057403522865,0.11497956892651293,2.16251806207766
20230322_BC67,0.16672608775477804,-0.03764675696264164,-0.07998268517311732,-0.0018555113431606,0.23815712171119638,0.13792067214987713,0.16758491796049904,0.19150625965398568,0.07976401671525608,0.1733519137138753,0.0593852293435517,-0.1694459725014476,0.02809866908921903,0.05485425403367261,0.4435182520630029,-0.011257025666202312,0.4547752777292052,2.7870090094746094
20230322_BC52,0.08940510150326259,-0.05574512096564534,-0.16232397519741595,-0.016935084954853245,0.20364452877255734,0.17039725412137086,0.10680523011199099,0.19647115730167786,0.04500243410553456,0.13142226168687834,0.06593644823966632,-0.14629951225593266,0.028367993393411638,0.05700412544386709,0.22909992858885597,-0.004815868001490602,0.2339157965903466,2.565584272393367
20230322_BC38,0.03744887064569798,-0.02000078581160843,-0.00741096630026971,0.02304863555812126,0.15672371583139605,0.038792011950399365,0.11878025606812813,0.0965521592977272,-0.000697604585666222,0.22490304675272801,0.018276334588741297,0.05210002245887672,3.9641233453933514e-05,0.18489603483490408,0.2406941316890034,-0.0023540329839656757,0.24304816467296905,2.5449521395694146
20230322_BC39,0.08958634225335207,-0.00815929157026895,-0.0008399533242856802,0.013645273291661146,-0.053728726731942324,0.10967564560203506,0.05466382684767199,0.2784520996890068,-0.021044489200250573,0.07492798990515409,0.010140689064126804,0.02592550042968741,0.021711422665002682,0.08305021155245333,0.042141365738731514,-0.3188939179943856,0.3610352837331171,2.3330544338216725
20230322_BC15,0.10684714144656243,-0.04620929075403524,-0.0028044048978960448,-0.005904639138305641,0.3607081967136439,0.06612815698383857,0.23584855017766682,0.10660435384395117,0.0548658673164241,0.1426743886068409,0.044561402139566025,-0.07640315918616807,0.009605270719287571,0.05903806149862435,0.23538032085574478,-0.03232993568970596,0.2677102565454507,2.3562801285314787
20230322_BC68,0.23246060563931056,-0.021393565233315436,-0.0006953477185543607,0.0046529249110326696,0.3116606440549615,0.09544138997998144,0.28235556784545923,0.14825834135988009,0.09470406143189249,0.1761562684606454,0.09687488307116807,-0.14100428539638823,-0.015198103216684458,0.0633791367127148,0.8761315859325387,-0.0,0.8761315859325387,2.5271117685892035
20230322_BC54,0.03804257535148768,-0.043552093834528904,-0.00827286888429438,-0.008781286821637176,0.15617818479111995,0.014663310650854265,0.09366729471621901,0.020277510832386905,0.028464979468442158,0.2229928411357601,0.021986863686475587,-0.04843581538822259,-0.0009613941876340789,0.1479577942616388,-0.016437529382039264,-0.02301737620104151,0.006579846819002246,1.8758372896331328
20230322_BC42,-0.009331096826533469,-0.007670081536545335,-0.05307535967184761,0.001089531023415009,-0.19634552671931174,0.030338093686443426,-0.07926747712221872,0.135938583007643,-0.031321335468696455,0.17397074026817538,0.027832107746647943,0.016486242506970276,-0.008567609599911815,0.1532246506764423,-0.09314807743852746,-0.4727183845343197,0.3795703070957922,2.11713028419598
20230322_BC25,0.03637035182138474,-0.06102269869364873,-0.2195545014977507,-0.004255736319847203,0.1483966600655728,0.07018226364849316,0.0504325098118555,0.12718219398892291,0.0075544531089714205,0.1478863782444268,0.048977903114676646,-0.1615994602386339,0.024163732709291716,0.09704990210805531,-0.4118326401701315,-0.7298704754882142,0.3180378353180827,3.324600710302439
20230322_BC06,0.07841310461132693,-0.019764584811827496,-0.002655975446820809,0.02494178051878126,0.2675451796795902,0.1169482904755107,0.202385325904784,0.16862105402540797,0.005355877333411191,0.1422814294554907,0.030470777067171093,0.018838911728757957,0.022037438434864644,0.10640327294277836,0.24753407935812322,-0.2669254522294875,0.5144595315876107,2.764997810206407
20230322_BC26,0.11882189072732016,-0.0034063031450322803,-0.08329483884569465,0.003208735427861606,0.13167435942496086,0.11350940868516177,0.13332972442031663,0.17218110265408368,0.012776121312924998,0.09536269505536542,0.04673021195308469,0.07314220998280536,0.01430835062672508,0.08535037524759777,0.14910769089874046,-0.13175418346270865,0.2808618743614491,2.686127021374395
20230322_BC10,0.12250916674509625,-0.04668927493408309,-0.06697233857523657,0.00112959725831218,0.23769194797885076,0.060418358434333956,0.15484440146796846,0.10763298227489386,0.061279856651257514,0.14973941035743865,0.038922864376071724,-0.13308463167291176,0.02070372370674934,0.08023308811875068,-0.06810624106767704,-0.4464115510058934,0.37830530993821637,2.8581801916039264
20230322_BC51,0.09463982423965661,-0.057051954798672595,-0.0687083266795889,-0.006763545914159328,0.19650693751162854,0.11694947759695436,0.0927503319169127,0.15693947831656274,0.07174263600858792,0.10906295315055238,0.01746178182588853,-0.15493419774512748,0.04359783171480023,0.01254360593285125,0.006060432823068534,-0.0020232716859861855,0.008083704509054719,1.7838354370681426
20230322_BC01,-0.025669491864363184,-0.039479741982706026,-0.027941973332266574,-0.006833161646323838,0.12656463814113086,-0.041533077535977486,0.08967348858867723,-0.0019349354199866959,-0.020119566408662314,0.040355195939855086,0.011239122887739475,-0.0393726231899761,0.013713805302632845,0.054521192606319754,-1.73137054663411,-1.7723251662829318,0.040954619648821716,2.571078859702942
20230322_BC02,0.10142325739267595,-0.04857612311018704,-0.0028718053681282447,-0.027972272936379442,0.30552954853432135,0.038611468391853476,0.21379802449864818,0.06030270647034597,0.06639600409236696,0.1678469194945429,0.07446700139478711,-0.10244037131208397,-0.006991694077137485,0.08167530865611691,-0.09364088309617602,-0.13951447965457453,0.045873596558398504,2.55317520204669
20230322_BC60,0.028880698216690898,-0.05094018907614553,-0.005282744225209047,-0.01721796051341724,0.293650150821346,0.07807551225299268,0.16991144390287252,0.09831330880411208,0.021045032019957933,-0.02678234963151724,0.018222291610859156,-0.07972469691807117,0.042721737646432716,-0.07571940956326954,-0.34609081361243704,-0.3559780082203396,0.009887194607902484,2.005065107355989
20230322_BC03,0.09159896206947478,0.0004190174043819698,-0.005312299780502095,-0.013984511111250892,0.12179969009747929,0.14928724416240224,0.12507449331231907,0.18830670054595602,0.05201803895513611,0.16996775316218932,0.08574272530562105,-0.09438001297767827,0.025833689889648674,0.07141707502322049,0.0833736781666429,-0.0038467433238455035,0.0872204214904884,2.520101184757229
20230322_BC16,0.07045884715513187,-0.01566028437952892,-0.003791684666582717,-5.697332157735293e-05,0.20649662277068495,0.1136003204206207,0.16814286313003732,0.1717202734552602,0.016924972110539373,0.13659045534093173,0.04920304828737182,0.0007136891480869093,0.02380206690247221,0.09138708501862033,0.23888768725127893,-0.15074946354280208,0.389637150794081,1.936344855977472
20230322_BC32,0.0009820853603648605,-0.035314694326011156,-0.22287475640140247,-0.02881151566975072,-0.023874408273682604,0.055191019765111184,-0.022611864110096337,0.09269291141538859,-0.011843124273060921,0.22096071907414647,0.09144722559122985,-0.15102400208011574,-0.01844900140430609,0.1775569524090927,0.12539712772646514,-0.011856048102182912,0.13725317582864807,2.2793474132667244
20230322_BC12,0.09344985944141024,-0.012579967394633271,-0.004932422479127683,0.02851960747150327,0.2155368487237397,0.11838618631404027,0.17186086643385295,0.1779586587391554,0.0065266457053611655,0.17818886572825302,0.01906873683240483,0.04788974107182441,0.02995544428208054,0.13290324677190138,0.5235366887733305,-0.09241343019155206,0.6159501189648825,2.662727926290813
20230322_BC31,0.08047503596157235,-0.0481266610699275,-0.009137056399702923,-0.02403418606093176,0.35751406845395967,0.03882164356749622,0.2134190137642374,0.06505307162429395,0.05183028787683184,0.09610689835529454,0.0506860019887399,-0.07123874988638597,0.006893043933338725,0.021589038022211085,-0.0448437352745224,-0.08956711930400492,0.04472338402948252,2.4708118525097214
20230322_BC14,0.21020239621114564,-0.011524832428965417,-0.004676063687926148,0.030650692078325378,0.22717222169329943,0.14284398342289006,0.20872599862951433,0.2230572290987297,0.06501257484847599,0.17217656672126605,0.03404124375944389,-0.1044136375422735,0.030678879579133966,0.05125003945772645,0.742318094285503,-0.10072092354049245,0.8430390178259954,2.499153294344754
20230322_BC20,0.13576340471084197,-0.024668343217094355,-0.007175461097449642,0.016658724773661468,0.2375192857060105,0.0997835534411314,0.18491784884613918,0.17372800584979894,0.04889311186718069,0.10915980916419515,0.02878037598372975,-0.023103021783609397,0.03457926824657742,0.042534137612073586,0.3550741636758503,-0.21703926403721863,0.572113427713069,2.507281140857341
20230322_BC24,0.1257210621426125,-0.05750429670348446,-0.32160305378404763,-0.03622441945167263,0.02585238851051474,0.03408179614547685,-0.057540965490450714,0.0290628714209446,0.09277956518637925,0.13647861389610177,0.05994485449297455,-0.3548028269650668,-0.009217720605714717,-0.021077612372675216,-0.3184756932279814,-0.3370703848852096,0.018594691657228133,1.915999119042789
20230322_BC08,0.11432310717686006,-0.027381034770736355,-0.002300990942879159,0.016963468229592927,0.277578354935811,0.08035704910468931,0.2321696642359811,0.10993176955355406,0.027287597215347133,0.21148346331067489,0.04983001850401584,-0.0416112581412432,-0.011557700775874641,0.14235865276414275,0.5241513821454195,-0.11525415917585634,0.6394055413212758,2.1531918336205904
20230322_BC41,-0.11603605800647812,-0.05210274549385857,-0.34457290053364686,-0.009566328367358002,-0.25201451129149827,0.04619092243084891,-0.17348879368724177,0.08713831810668692,-0.09750391578296089,0.07714449413795282,0.000946450128604078,-0.20896123016036164,-0.03117069763121768,0.06438325421537534,0.43798655654611884,-1.01710014633146,1.4550867028775787,1.980404689698555
20230322_BC56,-0.05411319406833331,0.00041551660574758143,-0.011639178766229354,-0.00996901436381629,-0.16548031338211402,0.014181450905390823,0.0010818385228057203,-0.10373729576913487,-0.13262828880043964,-0.3698613895003985,-0.03851806783733392,0.008305948376868528,-0.02375120008311787,-0.10586482425027814,-2.683715764195747,-2.686559403873642,0.0028436396778954054,2.443723583836626
20230322_BC64,-0.11254123464871642,-0.02087494468411581,-0.12200009218501011,-0.06491039072471484,-0.1153855551505945,0.062139619054492896,-0.02257803432017313,0.020020579327324376,-0.09454993884349659,-0.13260837968043815,0.09776065355614832,-0.08583284853436732,-0.0405674110946421,-0.08941129987312388,-1.2202358575454448,-1.2202358575454448,-0.0,1.7044471587799883
20230322_BC34,-0.0037800104599879994,-0.050163523219782305,-0.28314450293222887,0.03745141224173927,0.0015683471662509083,0.09262960009818477,0.08292808674412426,0.10344780376556684,-0.1599823760612053,0.19827707625406948,0.12644674166409098,0.20139408864576053,-0.05632060665683664,0.15921038424091463,-0.6792770918768865,-0.6832196748513761,0.003942582974489584,2.21712440455058
20230322_BC28,0.014772887488640462,-0.05037816362791046,-0.0019151447784543237,-0.00813383787773108,0.23636872158856168,0.0279054146845146,0.1612850537281856,0.038029883943275604,-2.340186657822773e-06,0.19369725833881885,0.03823650686964411,-0.0009075162056300155,-0.006405083347122472,0.1732801459362004,-0.0063994171725665645,-0.0063994171725665645,-0.0,2.2846559041741084
20230322_BC48,-0.06006110269513065,-0.0009429823575500194,-0.002000646788971661,-0.03660532089969515,-0.05789777453364903,0.04822401712991207,0.027971099693368886,0.04114989725827378,-0.048893220807118956,0.18483440369114973,0.07379338519228115,-0.00028423207511171506,-0.03141862039823292,0.14166279199565648,-0.49252771903185044,-0.49453574222216723,0.002008023190316761,2.285423820196082
20230322_BC59,-0.08357571519308576,-0.06578608929165282,-0.3468818298421084,-0.04020513494279448,-0.056298296382456675,0.07490402857505896,-0.06914212476024165,0.055982758944584876,-0.0636054378885546,-0.08353811635631282,0.07623343875942125,-0.25329781540333585,-0.03172967062709027,-0.07066764959525881,-0.6909274509321809,-0.7744435970814334,0.08351614614925257,1.80224759421804
20230322_BC21,0.0023156676922818017,-0.05419733678930859,-0.0014190529832301293,-0.016187013201670816,0.3167754849474369,0.029932858758973196,0.20481519552842956,0.03286408520674878,-0.002295149595557744,0.1673843865361308,0.043128704870635484,-0.023133557933065315,-0.012330910364736616,0.12080395495615748,-0.14911726199527545,-0.15196649848098984,0.002849236485714403,2.3463254915312093
20230322_BC40,0.03237787443366191,-0.08823333106070891,-0.24833117629024373,-0.03402003215574476,0.21265578096020438,0.03692808853130616,0.08270218367145117,0.055433373607456295,0.012222047703963127,0.12205271686048774,0.07882467210049118,-0.19824425148012273,-0.013111759285997044,0.11090123678448953,-0.057016984562342776,-0.09085279209696398,0.0338358075346212,2.835680215540036
20230322_BC49,-0.003052247612951039,-0.05029061907352262,-0.0014776407958077523,-0.02861535275830186,0.17809342768218664,0.04011588203864045,0.1267718873200793,0.03912859901251413,-0.003365716361219813,0.20857949749533278,0.06190594394149605,0.0005255127709481804,-0.0035927632343000795,0.17071671737015665,-0.04979606944996764,-0.06270605248044568,0.012909983030478045,1.8848819041076428
20230322_BC50,0.08298059964499321,-0.02123497500472468,-0.04111444538652782,-0.021494370357918867,0.12861070651138742,0.12377755415957327,0.06973748433610619,0.17726342080313662,0.06241717948525678,0.035010738331949454,0.0394833354798331,0.0230437081585545,0.04645874987239795,-0.0356877561608446,0.018796515980962596,-0.011250141914563467,0.03004665789552606,1.5677824855796636
20230322_BC33,0.1218452335251317,-0.01507952873648927,-0.09479580477999665,-0.022243024233434827,-0.02492353612812712,0.122329342449829,-0.013913950355681576,0.20354745105916036,0.08388964286219747,0.09394810405894106,0.03652629454625503,-0.13999238035549286,0.04050669258027142,-0.017545482606893044,0.7535881525397008,-0.0050324373277857645,0.7586205898674865,1.9566438458608413
20230322_BC17,0.04731677967389139,-0.037717294955970926,-0.012022185150037012,0.018217164567450747,0.2489040889116292,0.024802921561111926,0.1725088090046397,0.06814010402487085,0.011094502565399716,0.18083252564631033,0.043246233879209,0.0051327731051527955,0.007694405545077266,0.12921757400547249,-0.3045396257096606,-0.4708770248401446,0.166337399130484,3.0206738790926404
20230322_BC69,0.0912508158723265,-0.007704676948064874,-0.0008056721931217382,-0.03294808295258869,0.0008289681973650655,0.08099777855305916,0.10074222670176379,0.12757817442285505,0.06386536941183693,0.21206293824021769,0.13083026285500451,-0.10390180585538443,-0.020366377091480137,0.09718722829041986,-1.2468020772828624e-05,-0.00404082898638152,0.004028360965608691,2.5413399273962027
20230322_BC65,-0.00035018221659651654,-0.0010230584457270185,-0.003129631968951452,-0.049941484924001855,0.00015083353944303057,0.057346130442858925,0.06318074479227266,0.07946699006362094,-0.015099231762725934,0.22043923098165077,0.11671547134328554,-0.0008037644501987477,-0.0181587277919595,0.17875958015421345,-0.11814130525846304,-0.12101277127344111,0.002871466014978067,1.908386122460399
20230322_BC18,0.17812580349482598,0.004589383168792679,-0.0035741996710913237,0.02611228139921889,0.16693214935937079,0.15330778263462244,0.1804010219190103,0.255726252694518,0.04047495011910458,0.1256763760887935,0.043807699173471465,-0.07828401770453432,0.04587459195166571,0.05031858689464715,0.6506774124183679,-0.24810929609533586,0.8987867085137037,2.023996130840089
20230322_BC07,-0.04024737713169888,-0.04494886879639379,-0.008606644913781915,-0.03756519699034857,0.20525842282556758,0.049008218926755345,0.14982030362529591,0.04190807298830843,-0.037372810884106,0.1691991713244653,0.06348763777231997,-0.004503723901926626,-0.01527045815309908,0.13403450247105217,-0.3718944440158145,-0.4235341168024417,0.05163967278662718,1.9196672873676213
20230322_BC66,0.15030297974257495,-0.006923459663527945,-0.0173398610754959,0.03595474116458932,0.21028848360509456,0.19175061516899572,0.22148368614202577,0.2580338210899998,0.029275036128774145,0.18257856278897933,0.07985274170750839,-0.011688456259969173,0.01776594043822637,0.09540906504441009,0.6832154181276302,-0.0036395987207473836,0.6868550168483776,3.1803120921822803
20230322_BC05,0.058668642364166496,-0.03476373961358287,-0.005342663543478703,0.009690434754832522,0.2726978103787183,0.06161188550358689,0.17283823098733217,0.08366086122286771,0.026263246063401684,0.20319288840020977,0.03190474871952706,-0.032968775101164756,0.011833124458135788,0.1324996232222862,0.11218133239838454,-0.06154523716344809,0.1737265695618326,2.7727528587461854
20230322_BC09,0.22641482628150197,0.004520286432557826,-0.00306078235750937,0.013109496564053136,0.22707455215410655,0.0828256791684324,0.23848780824922675,0.15221203944483636,0.08220090751649008,0.19863433548130455,0.08516496267266843,-0.07976200205846708,-0.0035015180445766444,0.07312699065136859,0.615990517635985,-0.29969410516221845,0.9156846227982036,2.7615179850340628
20230322_BC11,-0.10608273149355525,-0.0052986477481189245,-0.021613052243536615,-0.025376930028607577,-0.10168206844482883,0.014868857466357667,-0.02007734628480596,-0.03103409782364259,-0.07570925917188169,0.1200095358138894,0.03123314037514245,0.006492400357818053,-0.020190130527876576,0.10586039885245342,-1.2136716399600347,-1.2264954350295065,0.012823795069471844,1.4496900682196543
20230315_BC43,0.030753628032461903,-0.03136636454379545,-0.03294838547729574,0.049687445357913924,0.20954067728167242,0.07073659190719465,0.1499624482012806,0.10455282858968623,-0.022864904345019435,0.1971819612248563,0.014502870176424036,0.06554988724538341,0.007655032867278279,0.166285739898494,0.23488622890122943,-0.08015112197458765,0.3150373508758171,2.8017885659738218
20230227_BC06,0.10626107685215744,-0.03043534140036946,-0.0,0.014794365233157507,0.2994053499570728,0.13477437962838987,0.23537631339418943,0.19965850156241696,0.01735854165839002,0.1352734481694554,0.04288050212397751,0.03197997976101711,0.028685120557118547,0.0995322143463534,0.5049316217148198,-0.023934116640506656,0.5288657383553265,2.566791396
20230227_BC10,0.10689522587706221,0.029481995069858845,-0.0025464307044542984,0.0045092035135422745,0.0024170906311884606,0.0939415147882746,0.11858867807322898,0.10323681846740447,-0.005556759890442249,0.06940527587159448,0.09634195463525495,-0.0018188790746102132,-0.01987288251908112,0.17340597563911603,0.8487490735699035,-0.01896093697827438,0.8677100105481779,1.943376229480157
20230227_BC12,-0.01819261498305466,-0.02319795346567459,-0.14746942090720142,-0.058951345801918784,-0.1608212485131427,0.060307917206948336,0.0173904417395097,0.01965386308493085,-0.10376065457628594,0.03356595142672983,0.08911571261896013,-0.105335300648001,-0.03985756917319022,0.008219893080847607,-1.423099762872551,-1.4252055393114795,0.002105776438928489,2.5727326807296773
20230227_BC14,0.11072047534355155,-0.012094390354177299,-0.0805042116266053,0.03774970595397429,0.19875433236525125,0.19408876789197163,0.19498425769549893,0.27330743297757126,0.0023326919488693408,0.14679469950460236,0.0825395020583824,0.0318353602859307,0.018317650565414283,0.1074692984639957,0.762783190263474,-0.0,0.762783190263474,2.839958685856766
20230227_BC11,0.14436224987338647,-0.00031189531834190744,-0.0030447876142770535,0.015265703203875514,0.16706063797330847,0.18105000105735544,0.16652115794853872,0.23865918403885164,0.05264110093742116,0.03983543459523708,0.054392845450474875,-0.019341979098126096,0.035301831039529906,-0.00855254788527239,0.5170693816556567,-0.006589997697737018,0.5236593793533938,1.958763450397016
20230227_BC13,0.006673222333239413,-0.05289139585124165,-0.0005959058525704382,0.014919167920485909,0.19244134013496383,0.06250760701546053,0.1802362067147835,0.09255221674801055,-0.0064580492655802344,0.17875669082274775,0.0828877463428196,0.031477040523025204,-0.01892476009800098,0.15353675071127987,-0.0,-0.0,-0.0,2.7530387857707
20230511_BC75,0.057369214443008396,-0.04306724116434539,-0.0022552256839947936,-0.005397792281106289,0.27591454725768616,0.020479799182949926,0.16450875150658642,0.020958466115903334,0.03716512330666067,0.19553905454795523,0.0354958975132293,-0.05777973409715192,-0.0007063174070830586,0.11599521694595889,-0.01047608242791323,-0.04029281238755504,0.02981672995964181,2.516395805058615
20230511_BC74,0.12150066513632035,-0.01849592118080357,-0.010750336969481172,0.007083619462747561,0.2901328150882291,0.10627085422153548,0.2759459405981207,0.1549552333233916,-0.013150890087450956,0.1829762428352838,0.09537333862230785,-0.0055210301208016704,-0.008686964193921249,0.15051585486887673,0.8872597965282166,-0.1124986870745852,0.9997584836028018,2.1527443629816707
20230511_BC73,0.200665045955313,-0.03173113567793898,-0.2590271745090438,-0.005560065652941855,-0.02691237118856307,0.06350876499517417,-0.031258404240495176,0.045738030623317195,0.0949466623564384,0.016656677461871102,0.045157505877561524,-0.36576349503082756,-0.011724385569505419,-0.04682347101921479,1.4842181021334822,-0.3930680777327614,1.8772861798662437,3.0899302556668453
20230424_BC45,0.0031000159221659636,0.0008439899033598805,-0.006352767397653866,-0.05311844331858228,-0.15013462485318235,0.05812905983298856,-0.009552917121633036,0.006850774704825635,0.016967050000879235,0.06753150345717447,0.07673309921478937,-0.1536038261500201,-0.027569268082535504,-0.07145672738906712,-1.1609695739763974,-1.203425869868847,0.04245629589244943,2.226921032659365
20230424_BC44,0.04295247347632466,-0.06301214342912771,-0.01721131281245141,-0.03582741630673862,0.1956739549010787,0.05348925797462836,0.1683922631569649,-0.03170939433839942,0.034844500906363665,-0.18840253807628227,0.09454349493780691,-0.08559569900902735,-0.026658808741137224,-0.06136745890719569,-0.3007992899738552,-0.30503942025797315,0.004240130284117982,2.056037247723291
20230410_BC72,0.14812374388124758,0.018682693973639468,-0.05607833895722234,-0.011807282926153967,0.02705163050048144,0.02963019039607494,0.028546889052818762,0.05113829579465573,0.09922690291396984,0.20577488042333655,0.04421454960274203,-0.18099585297010395,-0.0009434419773332779,0.12945681955012095,0.13028493190332818,-0.09973875862827822,0.2300236905316064,2.13421726539233
20230410_BC73,0.07665882214943881,-0.052632065570480877,-0.18051986637067396,-0.004308950645705474,0.178812898697748,0.12362465460613788,0.06707764166573212,0.17921152971962426,0.022696409480690932,0.13731477754043275,0.03695236996796474,-0.03643559660482597,0.04165025907433957,0.08080616527342777,0.3624559425342249,-0.002074243287382467,0.3645301858216074,2.35348857347212
