sample_name,ncbi_name,abundance,abundance_mean
20230210_BC19,Faecalibacterium prausnitzii,0.082521847690387,0.025932610397428696
20230210_BC19,Bifidobacterium longum,0.0,0.0033009828438504184
20230210_BC19,Bifidobacterium animalis,0.0,0.00011252342057115842
20230210_BC19,Lactobacillus salivarius,0.0,2.2400438651555165e-05
20230210_BC19,Lactobacillus rhamnosus,0.0,1.4862343711434393e-05
20230210_BC19,Lactobacillus acidophilus,0.0,1.170514954887356e-05
20230210_BC19,Lactobacillus mucosae,0.0,4.1849070549819694e-06
20230210_BC19,Bifidobacterium bifidum,0.0,3.2435090188650246e-06
20230210_BC19,Lactobacillus fermentum,0.0,2.507549290581356e-06
20230210_BC19,Bifidobacterium breve,0.0,2.470954483809657e-06
20230210_BC19,Streptococcus thermophilus,0.0,1.9338235720893704e-06
20230210_BC19,Lactobacillus plantarum,0.0,5.709765211599616e-07
20230210_BC19,Lactobacillus reuteri,0.0,4.0780406482779663e-07
20230210_BC19,Lactobacillus casei,0.0,0.0
20230210_BC52,Faecalibacterium prausnitzii,0.0043397873760977,0.025932610397428696
20230210_BC52,Bifidobacterium longum,0.0,0.0033009828438504184
20230210_BC52,Bifidobacterium animalis,0.0,0.00011252342057115842
20230210_BC52,Lactobacillus salivarius,0.0,2.2400438651555165e-05
20230210_BC52,Lactobacillus rhamnosus,0.0,1.4862343711434393e-05
20230210_BC52,Lactobacillus acidophilus,0.0,1.170514954887356e-05
20230210_BC52,Lactobacillus mucosae,0.0,4.1849070549819694e-06
20230210_BC52,Bifidobacterium bifidum,0.0,3.2435090188650246e-06
20230210_BC52,Lactobacillus fermentum,0.0,2.507549290581356e-06
20230210_BC52,Bifidobacterium breve,0.0,2.470954483809657e-06
20230210_BC52,Streptococcus thermophilus,0.0,1.9338235720893704e-06
20230210_BC52,Lactobacillus plantarum,0.0,5.709765211599616e-07
20230210_BC52,Lactobacillus reuteri,0.0,4.0780406482779663e-07
20230210_BC52,Lactobacillus casei,0.0,0.0
20230210_BC38,Faecalibacterium prausnitzii,0.0176156023906888,0.025932610397428696
20230210_BC38,Bifidobacterium longum,0.0,0.0033009828438504184
20230210_BC38,Bifidobacterium animalis,0.0,0.00011252342057115842
20230210_BC38,Lactobacillus salivarius,0.0,2.2400438651555165e-05
20230210_BC38,Lactobacillus rhamnosus,0.0,1.4862343711434393e-05
20230210_BC38,Lactobacillus acidophilus,0.0,1.170514954887356e-05
20230210_BC38,Lactobacillus mucosae,0.0,4.1849070549819694e-06
20230210_BC38,Bifidobacterium bifidum,0.0,3.2435090188650246e-06
20230210_BC38,Lactobacillus fermentum,0.0,2.507549290581356e-06
20230210_BC38,Bifidobacterium breve,0.0,2.470954483809657e-06
20230210_BC38,Streptococcus thermophilus,0.0,1.9338235720893704e-06
20230210_BC38,Lactobacillus plantarum,0.0,5.709765211599616e-07
20230210_BC38,Lactobacillus reuteri,0.0,4.0780406482779663e-07
20230210_BC38,Lactobacillus casei,0.0,0.0
20230210_BC39,Faecalibacterium prausnitzii,0.0386391981153863,0.025932610397428696
20230210_BC39,Bifidobacterium longum,0.0,0.0033009828438504184
20230210_BC39,Bifidobacterium animalis,0.0,0.00011252342057115842
20230210_BC39,Lactobacillus salivarius,0.0,2.2400438651555165e-05
20230210_BC39,Lactobacillus rhamnosus,0.0,1.4862343711434393e-05
20230210_BC39,Lactobacillus acidophilus,0.0,1.170514954887356e-05
20230210_BC39,Lactobacillus mucosae,0.0,4.1849070549819694e-06
20230210_BC39,Bifidobacterium bifidum,0.0,3.2435090188650246e-06
20230210_BC39,Lactobacillus fermentum,0.0,2.507549290581356e-06
20230210_BC39,Bifidobacterium breve,0.0,2.470954483809657e-06
20230210_BC39,Streptococcus thermophilus,0.0,1.9338235720893704e-06
20230210_BC39,Lactobacillus plantarum,0.0,5.709765211599616e-07
20230210_BC39,Lactobacillus reuteri,0.0,4.0780406482779663e-07
20230210_BC39,Lactobacillus casei,0.0,0.0
20230210_BC54,Faecalibacterium prausnitzii,1.775946579526888e-05,0.025932610397428696
20230210_BC54,Bifidobacterium longum,0.0,0.0033009828438504184
20230210_BC54,Bifidobacterium animalis,0.0,0.00011252342057115842
20230210_BC54,Lactobacillus salivarius,0.0,2.2400438651555165e-05
20230210_BC54,Lactobacillus rhamnosus,0.0,1.4862343711434393e-05
20230210_BC54,Lactobacillus acidophilus,0.0,1.170514954887356e-05
20230210_BC54,Lactobacillus mucosae,0.0,4.1849070549819694e-06
20230210_BC54,Bifidobacterium bifidum,0.0,3.2435090188650246e-06
20230210_BC54,Lactobacillus fermentum,0.0,2.507549290581356e-06
20230210_BC54,Bifidobacterium breve,0.0,2.470954483809657e-06
20230210_BC54,Streptococcus thermophilus,0.0,1.9338235720893704e-06
20230210_BC54,Lactobacillus plantarum,0.0,5.709765211599616e-07
20230210_BC54,Lactobacillus reuteri,0.0,4.0780406482779663e-07
20230210_BC54,Lactobacillus casei,0.0,0.0
20230210_BC42,Faecalibacterium prausnitzii,0.0511610924492478,0.025932610397428696
20230210_BC42,Bifidobacterium longum,0.0,0.0033009828438504184
20230210_BC42,Bifidobacterium animalis,0.0,0.00011252342057115842
20230210_BC42,Lactobacillus salivarius,0.0,2.2400438651555165e-05
20230210_BC42,Lactobacillus rhamnosus,0.0,1.4862343711434393e-05
20230210_BC42,Lactobacillus acidophilus,0.0,1.170514954887356e-05
20230210_BC42,Lactobacillus mucosae,0.0,4.1849070549819694e-06
20230210_BC42,Bifidobacterium bifidum,0.0,3.2435090188650246e-06
20230210_BC42,Lactobacillus fermentum,0.0,2.507549290581356e-06
20230210_BC42,Bifidobacterium breve,0.0,2.470954483809657e-06
20230210_BC42,Streptococcus thermophilus,0.0,1.9338235720893704e-06
20230210_BC42,Lactobacillus plantarum,0.0,5.709765211599616e-07
20230210_BC42,Lactobacillus reuteri,0.0,4.0780406482779663e-07
20230210_BC42,Lactobacillus casei,0.0,0.0
20230210_BC55,Faecalibacterium prausnitzii,0.0001975432799367,0.025932610397428696
20230210_BC55,Bifidobacterium longum,0.0,0.0033009828438504184
20230210_BC55,Bifidobacterium animalis,0.0,0.00011252342057115842
20230210_BC55,Lactobacillus salivarius,0.0,2.2400438651555165e-05
20230210_BC55,Lactobacillus rhamnosus,0.0,1.4862343711434393e-05
20230210_BC55,Lactobacillus acidophilus,0.0,1.170514954887356e-05
20230210_BC55,Lactobacillus mucosae,0.0,4.1849070549819694e-06
20230210_BC55,Bifidobacterium bifidum,0.0,3.2435090188650246e-06
20230210_BC55,Lactobacillus fermentum,0.0,2.507549290581356e-06
20230210_BC55,Bifidobacterium breve,0.0,2.470954483809657e-06
20230210_BC55,Streptococcus thermophilus,0.0,1.9338235720893704e-06
20230210_BC55,Lactobacillus plantarum,0.0,5.709765211599616e-07
20230210_BC55,Lactobacillus reuteri,0.0,4.0780406482779663e-07
20230210_BC55,Lactobacillus casei,0.0,0.0
20230210_BC25,Faecalibacterium prausnitzii,0.0109609341066455,0.025932610397428696
20230210_BC25,Bifidobacterium longum,0.0,0.0033009828438504184
20230210_BC25,Bifidobacterium animalis,0.0,0.00011252342057115842
20230210_BC25,Lactobacillus salivarius,0.0,2.2400438651555165e-05
20230210_BC25,Lactobacillus rhamnosus,0.0,1.4862343711434393e-05
20230210_BC25,Lactobacillus acidophilus,0.0,1.170514954887356e-05
20230210_BC25,Lactobacillus mucosae,0.0,4.1849070549819694e-06
20230210_BC25,Bifidobacterium bifidum,0.0,3.2435090188650246e-06
20230210_BC25,Lactobacillus fermentum,0.0,2.507549290581356e-06
20230210_BC25,Bifidobacterium breve,0.0,2.470954483809657e-06
20230210_BC25,Streptococcus thermophilus,0.0,1.9338235720893704e-06
20230210_BC25,Lactobacillus plantarum,0.0,5.709765211599616e-07
20230210_BC25,Lactobacillus reuteri,0.0,4.0780406482779663e-07
20230210_BC25,Lactobacillus casei,0.0,0.0
20230210_BC06,Faecalibacterium prausnitzii,0.0126080758335956,0.025932610397428696
20230210_BC06,Bifidobacterium longum,0.0,0.0033009828438504184
20230210_BC06,Bifidobacterium animalis,0.0,0.00011252342057115842
20230210_BC06,Lactobacillus salivarius,0.0,2.2400438651555165e-05
20230210_BC06,Lactobacillus rhamnosus,0.0,1.4862343711434393e-05
20230210_BC06,Lactobacillus acidophilus,0.0,1.170514954887356e-05
20230210_BC06,Lactobacillus mucosae,0.0,4.1849070549819694e-06
20230210_BC06,Bifidobacterium bifidum,0.0,3.2435090188650246e-06
20230210_BC06,Lactobacillus fermentum,0.0,2.507549290581356e-06
20230210_BC06,Bifidobacterium breve,0.0,2.470954483809657e-06
20230210_BC06,Streptococcus thermophilus,0.0,1.9338235720893704e-06
20230210_BC06,Lactobacillus plantarum,0.0,5.709765211599616e-07
20230210_BC06,Lactobacillus reuteri,0.0,4.0780406482779663e-07
20230210_BC06,Lactobacillus casei,0.0,0.0
20230210_BC26,Faecalibacterium prausnitzii,0.0051390630460254,0.025932610397428696
20230210_BC26,Bifidobacterium longum,0.0001233375131046,0.0033009828438504184
20230210_BC26,Bifidobacterium animalis,0.0,0.00011252342057115842
20230210_BC26,Lactobacillus salivarius,0.0,2.2400438651555165e-05
20230210_BC26,Lactobacillus rhamnosus,0.0,1.4862343711434393e-05
20230210_BC26,Lactobacillus acidophilus,0.0,1.170514954887356e-05
20230210_BC26,Lactobacillus mucosae,0.0,4.1849070549819694e-06
20230210_BC26,Bifidobacterium bifidum,0.0,3.2435090188650246e-06
20230210_BC26,Lactobacillus fermentum,0.0,2.507549290581356e-06
20230210_BC26,Bifidobacterium breve,0.0,2.470954483809657e-06
20230210_BC26,Streptococcus thermophilus,0.0,1.9338235720893704e-06
20230210_BC26,Lactobacillus plantarum,0.0,5.709765211599616e-07
20230210_BC26,Lactobacillus reuteri,0.0,4.0780406482779663e-07
20230210_BC26,Lactobacillus casei,0.0,0.0
20230210_BC10,Faecalibacterium prausnitzii,0.001383495145631,0.025932610397428696
20230210_BC10,Bifidobacterium longum,0.0,0.0033009828438504184
20230210_BC10,Bifidobacterium animalis,0.0,0.00011252342057115842
20230210_BC10,Lactobacillus salivarius,0.0,2.2400438651555165e-05
20230210_BC10,Lactobacillus rhamnosus,0.0,1.4862343711434393e-05
20230210_BC10,Lactobacillus acidophilus,0.0,1.170514954887356e-05
20230210_BC10,Lactobacillus mucosae,0.0,4.1849070549819694e-06
20230210_BC10,Bifidobacterium bifidum,0.0,3.2435090188650246e-06
20230210_BC10,Lactobacillus fermentum,0.0,2.507549290581356e-06
20230210_BC10,Bifidobacterium breve,0.0,2.470954483809657e-06
20230210_BC10,Streptococcus thermophilus,0.0,1.9338235720893704e-06
20230210_BC10,Lactobacillus plantarum,0.0,5.709765211599616e-07
20230210_BC10,Lactobacillus reuteri,0.0,4.0780406482779663e-07
20230210_BC10,Lactobacillus casei,0.0,0.0
20230210_BC51,Faecalibacterium prausnitzii,0.0187834568418646,0.025932610397428696
20230210_BC51,Bifidobacterium longum,0.0,0.0033009828438504184
20230210_BC51,Bifidobacterium animalis,0.0,0.00011252342057115842
20230210_BC51,Lactobacillus salivarius,0.0,2.2400438651555165e-05
20230210_BC51,Lactobacillus rhamnosus,0.0,1.4862343711434393e-05
20230210_BC51,Lactobacillus acidophilus,0.0,1.170514954887356e-05
20230210_BC51,Lactobacillus mucosae,0.0,4.1849070549819694e-06
20230210_BC51,Bifidobacterium bifidum,0.0,3.2435090188650246e-06
20230210_BC51,Lactobacillus fermentum,0.0,2.507549290581356e-06
20230210_BC51,Bifidobacterium breve,0.0,2.470954483809657e-06
20230210_BC51,Streptococcus thermophilus,0.0,1.9338235720893704e-06
20230210_BC51,Lactobacillus plantarum,0.0,5.709765211599616e-07
20230210_BC51,Lactobacillus reuteri,0.0,4.0780406482779663e-07
20230210_BC51,Lactobacillus casei,0.0,0.0
20230210_BC01,Faecalibacterium prausnitzii,0.0082577997117099,0.025932610397428696
20230210_BC01,Bifidobacterium longum,0.0,0.0033009828438504184
20230210_BC01,Bifidobacterium animalis,0.0,0.00011252342057115842
20230210_BC01,Lactobacillus salivarius,0.0,2.2400438651555165e-05
20230210_BC01,Lactobacillus rhamnosus,0.0,1.4862343711434393e-05
20230210_BC01,Lactobacillus acidophilus,0.0,1.170514954887356e-05
20230210_BC01,Lactobacillus mucosae,0.0,4.1849070549819694e-06
20230210_BC01,Bifidobacterium bifidum,0.0,3.2435090188650246e-06
20230210_BC01,Lactobacillus fermentum,0.0,2.507549290581356e-06
20230210_BC01,Bifidobacterium breve,0.0,2.470954483809657e-06
20230210_BC01,Streptococcus thermophilus,0.0,1.9338235720893704e-06
20230210_BC01,Lactobacillus plantarum,0.0,5.709765211599616e-07
20230210_BC01,Lactobacillus reuteri,0.0,4.0780406482779663e-07
20230210_BC01,Lactobacillus casei,0.0,0.0
20230210_BC60,Faecalibacterium prausnitzii,0.0473304636761818,0.025932610397428696
20230210_BC60,Bifidobacterium longum,0.0,0.0033009828438504184
20230210_BC60,Bifidobacterium animalis,0.0,0.00011252342057115842
20230210_BC60,Lactobacillus salivarius,0.0,2.2400438651555165e-05
20230210_BC60,Lactobacillus rhamnosus,0.0,1.4862343711434393e-05
20230210_BC60,Lactobacillus acidophilus,0.0,1.170514954887356e-05
20230210_BC60,Lactobacillus mucosae,0.0,4.1849070549819694e-06
20230210_BC60,Bifidobacterium bifidum,0.0,3.2435090188650246e-06
20230210_BC60,Lactobacillus fermentum,0.0,2.507549290581356e-06
20230210_BC60,Bifidobacterium breve,0.0,2.470954483809657e-06
20230210_BC60,Streptococcus thermophilus,0.0,1.9338235720893704e-06
20230210_BC60,Lactobacillus plantarum,0.0,5.709765211599616e-07
20230210_BC60,Lactobacillus reuteri,0.0,4.0780406482779663e-07
20230210_BC60,Lactobacillus casei,0.0,0.0
20230210_BC14,Faecalibacterium prausnitzii,0.002329441225286,0.025932610397428696
20230210_BC14,Bifidobacterium longum,0.0,0.0033009828438504184
20230210_BC14,Bifidobacterium animalis,0.0,0.00011252342057115842
20230210_BC14,Lactobacillus salivarius,0.0,2.2400438651555165e-05
20230210_BC14,Lactobacillus rhamnosus,0.0,1.4862343711434393e-05
20230210_BC14,Lactobacillus acidophilus,0.0,1.170514954887356e-05
20230210_BC14,Lactobacillus mucosae,0.0,4.1849070549819694e-06
20230210_BC14,Bifidobacterium bifidum,0.0,3.2435090188650246e-06
20230210_BC14,Lactobacillus fermentum,0.0,2.507549290581356e-06
20230210_BC14,Bifidobacterium breve,0.0,2.470954483809657e-06
20230210_BC14,Streptococcus thermophilus,0.0,1.9338235720893704e-06
20230210_BC14,Lactobacillus plantarum,0.0,5.709765211599616e-07
20230210_BC14,Lactobacillus reuteri,0.0,4.0780406482779663e-07
20230210_BC14,Lactobacillus casei,0.0,0.0
20230210_BC20,Faecalibacterium prausnitzii,0.0166922131078509,0.025932610397428696
20230210_BC20,Bifidobacterium longum,1.6843807374218867e-05,0.0033009828438504184
20230210_BC20,Bifidobacterium animalis,6.737522949687547e-05,0.00011252342057115842
20230210_BC20,Lactobacillus salivarius,0.0,2.2400438651555165e-05
20230210_BC20,Lactobacillus rhamnosus,0.0,1.4862343711434393e-05
20230210_BC20,Lactobacillus acidophilus,6.737522949687547e-05,1.170514954887356e-05
20230210_BC20,Lactobacillus mucosae,0.0,4.1849070549819694e-06
20230210_BC20,Bifidobacterium bifidum,0.0,3.2435090188650246e-06
20230210_BC20,Lactobacillus fermentum,0.0,2.507549290581356e-06
20230210_BC20,Bifidobacterium breve,0.0,2.470954483809657e-06
20230210_BC20,Streptococcus thermophilus,3.3687614748437734e-05,1.9338235720893704e-06
20230210_BC20,Lactobacillus plantarum,3.3687614748437734e-05,5.709765211599616e-07
20230210_BC20,Lactobacillus reuteri,0.0,4.0780406482779663e-07
20230210_BC20,Lactobacillus casei,0.0,0.0
20230210_BC56,Faecalibacterium prausnitzii,0.0003430799220272,0.025932610397428696
20230210_BC56,Bifidobacterium longum,0.0,0.0033009828438504184
20230210_BC56,Bifidobacterium animalis,0.0,0.00011252342057115842
20230210_BC56,Lactobacillus salivarius,0.0,2.2400438651555165e-05
20230210_BC56,Lactobacillus rhamnosus,0.0,1.4862343711434393e-05
20230210_BC56,Lactobacillus acidophilus,0.0,1.170514954887356e-05
20230210_BC56,Lactobacillus mucosae,0.0,4.1849070549819694e-06
20230210_BC56,Bifidobacterium bifidum,0.0,3.2435090188650246e-06
20230210_BC56,Lactobacillus fermentum,0.0,2.507549290581356e-06
20230210_BC56,Bifidobacterium breve,0.0,2.470954483809657e-06
20230210_BC56,Streptococcus thermophilus,0.0,1.9338235720893704e-06
20230210_BC56,Lactobacillus plantarum,0.0,5.709765211599616e-07
20230210_BC56,Lactobacillus reuteri,0.0,4.0780406482779663e-07
20230210_BC56,Lactobacillus casei,0.0,0.0
20230210_BC28,Faecalibacterium prausnitzii,0.0072465840937479,0.025932610397428696
20230210_BC28,Bifidobacterium longum,0.0,0.0033009828438504184
20230210_BC28,Bifidobacterium animalis,0.0,0.00011252342057115842
20230210_BC28,Lactobacillus salivarius,0.0,2.2400438651555165e-05
20230210_BC28,Lactobacillus rhamnosus,0.0,1.4862343711434393e-05
20230210_BC28,Lactobacillus acidophilus,0.0,1.170514954887356e-05
20230210_BC28,Lactobacillus mucosae,0.0,4.1849070549819694e-06
20230210_BC28,Bifidobacterium bifidum,0.0,3.2435090188650246e-06
20230210_BC28,Lactobacillus fermentum,0.0,2.507549290581356e-06
20230210_BC28,Bifidobacterium breve,0.0,2.470954483809657e-06
20230210_BC28,Streptococcus thermophilus,0.0,1.9338235720893704e-06
20230210_BC28,Lactobacillus plantarum,0.0,5.709765211599616e-07
20230210_BC28,Lactobacillus reuteri,0.0,4.0780406482779663e-07
20230210_BC28,Lactobacillus casei,0.0,0.0
20230210_BC22,Faecalibacterium prausnitzii,0.0047405688682641,0.025932610397428696
20230210_BC22,Bifidobacterium longum,0.0,0.0033009828438504184
20230210_BC22,Bifidobacterium animalis,0.0,0.00011252342057115842
20230210_BC22,Lactobacillus salivarius,0.0,2.2400438651555165e-05
20230210_BC22,Lactobacillus rhamnosus,0.0,1.4862343711434393e-05
20230210_BC22,Lactobacillus acidophilus,0.0,1.170514954887356e-05
20230210_BC22,Lactobacillus mucosae,0.0,4.1849070549819694e-06
20230210_BC22,Bifidobacterium bifidum,0.0,3.2435090188650246e-06
20230210_BC22,Lactobacillus fermentum,0.0,2.507549290581356e-06
20230210_BC22,Bifidobacterium breve,0.0,2.470954483809657e-06
20230210_BC22,Streptococcus thermophilus,0.0,1.9338235720893704e-06
20230210_BC22,Lactobacillus plantarum,0.0,5.709765211599616e-07
20230210_BC22,Lactobacillus reuteri,0.0,4.0780406482779663e-07
20230210_BC22,Lactobacillus casei,0.0,0.0
20230210_BC59,Faecalibacterium prausnitzii,0.0022759767733652,0.025932610397428696
20230210_BC59,Bifidobacterium longum,0.0,0.0033009828438504184
20230210_BC59,Bifidobacterium animalis,0.0,0.00011252342057115842
20230210_BC59,Lactobacillus salivarius,0.0,2.2400438651555165e-05
20230210_BC59,Lactobacillus rhamnosus,0.0,1.4862343711434393e-05
20230210_BC59,Lactobacillus acidophilus,0.0,1.170514954887356e-05
20230210_BC59,Lactobacillus mucosae,0.0,4.1849070549819694e-06
20230210_BC59,Bifidobacterium bifidum,0.0,3.2435090188650246e-06
20230210_BC59,Lactobacillus fermentum,0.0,2.507549290581356e-06
20230210_BC59,Bifidobacterium breve,0.0,2.470954483809657e-06
20230210_BC59,Streptococcus thermophilus,0.0,1.9338235720893704e-06
20230210_BC59,Lactobacillus plantarum,0.0,5.709765211599616e-07
20230210_BC59,Lactobacillus reuteri,0.0,4.0780406482779663e-07
20230210_BC59,Lactobacillus casei,0.0,0.0
20230210_BC21,Faecalibacterium prausnitzii,0.0001083541012027,0.025932610397428696
20230210_BC21,Bifidobacterium longum,0.0,0.0033009828438504184
20230210_BC21,Bifidobacterium animalis,0.0,0.00011252342057115842
20230210_BC21,Lactobacillus salivarius,0.0,2.2400438651555165e-05
20230210_BC21,Lactobacillus rhamnosus,0.0,1.4862343711434393e-05
20230210_BC21,Lactobacillus acidophilus,0.0,1.170514954887356e-05
20230210_BC21,Lactobacillus mucosae,0.0,4.1849070549819694e-06
20230210_BC21,Bifidobacterium bifidum,0.0,3.2435090188650246e-06
20230210_BC21,Lactobacillus fermentum,0.0,2.507549290581356e-06
20230210_BC21,Bifidobacterium breve,0.0,2.470954483809657e-06
20230210_BC21,Streptococcus thermophilus,0.0,1.9338235720893704e-06
20230210_BC21,Lactobacillus plantarum,0.0,5.709765211599616e-07
20230210_BC21,Lactobacillus reuteri,0.0,4.0780406482779663e-07
20230210_BC21,Lactobacillus casei,0.0,0.0
20230210_BC50,Faecalibacterium prausnitzii,0.0065333216874836,0.025932610397428696
20230210_BC50,Bifidobacterium longum,0.0,0.0033009828438504184
20230210_BC50,Bifidobacterium animalis,0.0,0.00011252342057115842
20230210_BC50,Lactobacillus salivarius,0.0,2.2400438651555165e-05
20230210_BC50,Lactobacillus rhamnosus,0.0,1.4862343711434393e-05
20230210_BC50,Lactobacillus acidophilus,0.0,1.170514954887356e-05
20230210_BC50,Lactobacillus mucosae,0.0,4.1849070549819694e-06
20230210_BC50,Bifidobacterium bifidum,0.0,3.2435090188650246e-06
20230210_BC50,Lactobacillus fermentum,0.0,2.507549290581356e-06
20230210_BC50,Bifidobacterium breve,0.0,2.470954483809657e-06
20230210_BC50,Streptococcus thermophilus,0.0,1.9338235720893704e-06
20230210_BC50,Lactobacillus plantarum,0.0,5.709765211599616e-07
20230210_BC50,Lactobacillus reuteri,0.0,4.0780406482779663e-07
20230210_BC50,Lactobacillus casei,0.0,0.0
20230210_BC23,Faecalibacterium prausnitzii,0.0680217669654289,0.025932610397428696
20230210_BC23,Bifidobacterium longum,0.0,0.0033009828438504184
20230210_BC23,Bifidobacterium animalis,0.0,0.00011252342057115842
20230210_BC23,Lactobacillus salivarius,0.0,2.2400438651555165e-05
20230210_BC23,Lactobacillus rhamnosus,0.0,1.4862343711434393e-05
20230210_BC23,Lactobacillus acidophilus,0.0,1.170514954887356e-05
20230210_BC23,Lactobacillus mucosae,0.0,4.1849070549819694e-06
20230210_BC23,Bifidobacterium bifidum,0.0,3.2435090188650246e-06
20230210_BC23,Lactobacillus fermentum,0.0,2.507549290581356e-06
20230210_BC23,Bifidobacterium breve,0.0,2.470954483809657e-06
20230210_BC23,Streptococcus thermophilus,0.0,1.9338235720893704e-06
20230210_BC23,Lactobacillus plantarum,0.0,5.709765211599616e-07
20230210_BC23,Lactobacillus reuteri,0.0,4.0780406482779663e-07
20230210_BC23,Lactobacillus casei,0.0,0.0
20230210_BC17,Faecalibacterium prausnitzii,0.0369859101294744,0.025932610397428696
20230210_BC17,Bifidobacterium longum,0.0,0.0033009828438504184
20230210_BC17,Bifidobacterium animalis,0.0,0.00011252342057115842
20230210_BC17,Lactobacillus salivarius,0.0,2.2400438651555165e-05
20230210_BC17,Lactobacillus rhamnosus,0.0,1.4862343711434393e-05
20230210_BC17,Lactobacillus acidophilus,0.0,1.170514954887356e-05
20230210_BC17,Lactobacillus mucosae,0.0,4.1849070549819694e-06
20230210_BC17,Bifidobacterium bifidum,0.0,3.2435090188650246e-06
20230210_BC17,Lactobacillus fermentum,0.0,2.507549290581356e-06
20230210_BC17,Bifidobacterium breve,0.0,2.470954483809657e-06
20230210_BC17,Streptococcus thermophilus,0.0,1.9338235720893704e-06
20230210_BC17,Lactobacillus plantarum,0.0,5.709765211599616e-07
20230210_BC17,Lactobacillus reuteri,0.0,4.0780406482779663e-07
20230210_BC17,Lactobacillus casei,0.0,0.0
20230210_BC18,Faecalibacterium prausnitzii,0.0168235391537166,0.025932610397428696
20230210_BC18,Bifidobacterium longum,0.0,0.0033009828438504184
20230210_BC18,Bifidobacterium animalis,0.0,0.00011252342057115842
20230210_BC18,Lactobacillus salivarius,0.0,2.2400438651555165e-05
20230210_BC18,Lactobacillus rhamnosus,0.0,1.4862343711434393e-05
20230210_BC18,Lactobacillus acidophilus,0.0,1.170514954887356e-05
20230210_BC18,Lactobacillus mucosae,0.0,4.1849070549819694e-06
20230210_BC18,Bifidobacterium bifidum,0.0,3.2435090188650246e-06
20230210_BC18,Lactobacillus fermentum,0.0,2.507549290581356e-06
20230210_BC18,Bifidobacterium breve,0.0,2.470954483809657e-06
20230210_BC18,Streptococcus thermophilus,0.0,1.9338235720893704e-06
20230210_BC18,Lactobacillus plantarum,0.0,5.709765211599616e-07
20230210_BC18,Lactobacillus reuteri,0.0,4.0780406482779663e-07
20230210_BC18,Lactobacillus casei,0.0,0.0
20230210_BC37,Faecalibacterium prausnitzii,0.0336595588394149,0.025932610397428696
20230210_BC37,Bifidobacterium longum,0.0,0.0033009828438504184
20230210_BC37,Bifidobacterium animalis,0.0,0.00011252342057115842
20230210_BC37,Lactobacillus salivarius,0.0,2.2400438651555165e-05
20230210_BC37,Lactobacillus rhamnosus,0.0,1.4862343711434393e-05
20230210_BC37,Lactobacillus acidophilus,0.0,1.170514954887356e-05
20230210_BC37,Lactobacillus mucosae,0.0,4.1849070549819694e-06
20230210_BC37,Bifidobacterium bifidum,0.0,3.2435090188650246e-06
20230210_BC37,Lactobacillus fermentum,0.0,2.507549290581356e-06
20230210_BC37,Bifidobacterium breve,0.0,2.470954483809657e-06
20230210_BC37,Streptococcus thermophilus,0.0,1.9338235720893704e-06
20230210_BC37,Lactobacillus plantarum,0.0,5.709765211599616e-07
20230210_BC37,Lactobacillus reuteri,0.0,4.0780406482779663e-07
20230210_BC37,Lactobacillus casei,0.0,0.0
20230210_BC13,Faecalibacterium prausnitzii,0.0661189550843705,0.025932610397428696
20230210_BC13,Bifidobacterium longum,0.0,0.0033009828438504184
20230210_BC13,Bifidobacterium animalis,0.0,0.00011252342057115842
20230210_BC13,Lactobacillus salivarius,0.0,2.2400438651555165e-05
20230210_BC13,Lactobacillus rhamnosus,0.0,1.4862343711434393e-05
20230210_BC13,Lactobacillus acidophilus,0.0,1.170514954887356e-05
20230210_BC13,Lactobacillus mucosae,0.0,4.1849070549819694e-06
20230210_BC13,Bifidobacterium bifidum,0.0,3.2435090188650246e-06
20230210_BC13,Lactobacillus fermentum,0.0,2.507549290581356e-06
20230210_BC13,Bifidobacterium breve,0.0,2.470954483809657e-06
20230210_BC13,Streptococcus thermophilus,0.0,1.9338235720893704e-06
20230210_BC13,Lactobacillus plantarum,0.0,5.709765211599616e-07
20230210_BC13,Lactobacillus reuteri,0.0,4.0780406482779663e-07
20230210_BC13,Lactobacillus casei,0.0,0.0
20230206_BC30,Faecalibacterium prausnitzii,0.1068165846802529,0.025932610397428696
20230206_BC30,Bifidobacterium longum,0.0027739764027074,0.0033009828438504184
20230206_BC30,Bifidobacterium animalis,0.0002958908162887,0.00011252342057115842
20230206_BC30,Lactobacillus salivarius,0.0003328771683248,2.2400438651555165e-05
20230206_BC30,Lactobacillus rhamnosus,0.0,1.4862343711434393e-05
20230206_BC30,Lactobacillus acidophilus,0.0,1.170514954887356e-05
20230206_BC30,Lactobacillus mucosae,0.0,4.1849070549819694e-06
20230206_BC30,Bifidobacterium bifidum,0.0001479454081443,3.2435090188650246e-06
20230206_BC30,Lactobacillus fermentum,0.0001479454081443,2.507549290581356e-06
20230206_BC30,Bifidobacterium breve,0.0,2.470954483809657e-06
20230206_BC30,Streptococcus thermophilus,3.698635203609868e-05,1.9338235720893704e-06
20230206_BC30,Lactobacillus plantarum,0.0,5.709765211599616e-07
20230206_BC30,Lactobacillus reuteri,0.0,4.0780406482779663e-07
20230206_BC30,Lactobacillus casei,0.0,0.0
20230206_BC32,Faecalibacterium prausnitzii,0.0386638026812828,0.025932610397428696
20230206_BC32,Bifidobacterium longum,0.0014813717502407,0.0033009828438504184
20230206_BC32,Bifidobacterium animalis,0.0010369602251685,0.00011252342057115842
20230206_BC32,Lactobacillus salivarius,7.406858751203614e-05,2.2400438651555165e-05
20230206_BC32,Lactobacillus rhamnosus,0.0002222057625361,1.4862343711434393e-05
20230206_BC32,Lactobacillus acidophilus,0.0,1.170514954887356e-05
20230206_BC32,Lactobacillus mucosae,7.406858751203614e-05,4.1849070549819694e-06
20230206_BC32,Bifidobacterium bifidum,0.0,3.2435090188650246e-06
20230206_BC32,Lactobacillus fermentum,0.0,2.507549290581356e-06
20230206_BC32,Bifidobacterium breve,0.0,2.470954483809657e-06
20230206_BC32,Streptococcus thermophilus,0.0,1.9338235720893704e-06
20230206_BC32,Lactobacillus plantarum,0.0,5.709765211599616e-07
20230206_BC32,Lactobacillus reuteri,0.0,4.0780406482779663e-07
20230206_BC32,Lactobacillus casei,0.0,0.0
20230206_BC31,Faecalibacterium prausnitzii,0.0559569622241419,0.025932610397428696
20230206_BC31,Bifidobacterium longum,0.0004319484803267,0.0033009828438504184
20230206_BC31,Bifidobacterium animalis,0.0001178041309981,0.00011252342057115842
20230206_BC31,Lactobacillus salivarius,0.0003141443493285,2.2400438651555165e-05
20230206_BC31,Lactobacillus rhamnosus,7.853608733212911e-05,1.4862343711434393e-05
20230206_BC31,Lactobacillus acidophilus,3.926804366606456e-05,1.170514954887356e-05
20230206_BC31,Lactobacillus mucosae,0.0,4.1849070549819694e-06
20230206_BC31,Bifidobacterium bifidum,0.0,3.2435090188650246e-06
20230206_BC31,Lactobacillus fermentum,0.0,2.507549290581356e-06
20230206_BC31,Bifidobacterium breve,0.0,2.470954483809657e-06
20230206_BC31,Streptococcus thermophilus,0.0,1.9338235720893704e-06
20230206_BC31,Lactobacillus plantarum,0.0,5.709765211599616e-07
20230206_BC31,Lactobacillus reuteri,0.0,4.0780406482779663e-07
20230206_BC31,Lactobacillus casei,0.0,0.0
20230206_BC33,Faecalibacterium prausnitzii,0.0577288701964625,0.025932610397428696
20230206_BC33,Bifidobacterium longum,0.0042634095753874,0.0033009828438504184
20230206_BC33,Bifidobacterium animalis,0.0039753413608342,0.00011252342057115842
20230206_BC33,Lactobacillus salivarius,0.0,2.2400438651555165e-05
20230206_BC33,Lactobacillus rhamnosus,0.0005761364291064,1.4862343711434393e-05
20230206_BC33,Lactobacillus acidophilus,0.0,1.170514954887356e-05
20230206_BC33,Lactobacillus mucosae,0.0001728409287319,4.1849070549819694e-06
20230206_BC33,Bifidobacterium bifidum,0.0,3.2435090188650246e-06
20230206_BC33,Lactobacillus fermentum,0.0,2.507549290581356e-06
20230206_BC33,Bifidobacterium breve,0.0,2.470954483809657e-06
20230206_BC33,Streptococcus thermophilus,0.0,1.9338235720893704e-06
20230206_BC33,Lactobacillus plantarum,0.0,5.709765211599616e-07
20230206_BC33,Lactobacillus reuteri,0.0,4.0780406482779663e-07
20230206_BC33,Lactobacillus casei,0.0,0.0
20230215_BC19,Faecalibacterium prausnitzii,0.0054222385052207,0.025932610397428696
20230215_BC19,Bifidobacterium longum,0.0,0.0033009828438504184
20230215_BC19,Bifidobacterium animalis,0.0,0.00011252342057115842
20230215_BC19,Lactobacillus salivarius,3.663674665689687e-05,2.2400438651555165e-05
20230215_BC19,Lactobacillus rhamnosus,0.0,1.4862343711434393e-05
20230215_BC19,Lactobacillus acidophilus,0.0,1.170514954887356e-05
20230215_BC19,Lactobacillus mucosae,0.0,4.1849070549819694e-06
20230215_BC19,Bifidobacterium bifidum,0.0,3.2435090188650246e-06
20230215_BC19,Lactobacillus fermentum,0.0,2.507549290581356e-06
20230215_BC19,Bifidobacterium breve,0.0,2.470954483809657e-06
20230215_BC19,Streptococcus thermophilus,0.0,1.9338235720893704e-06
20230215_BC19,Lactobacillus plantarum,0.0,5.709765211599616e-07
20230215_BC19,Lactobacillus reuteri,0.0,4.0780406482779663e-07
20230215_BC19,Lactobacillus casei,0.0,0.0
20230215_BC38,Faecalibacterium prausnitzii,0.0001198513842834,0.025932610397428696
20230215_BC38,Bifidobacterium longum,0.179697175502377,0.0033009828438504184
20230215_BC38,Bifidobacterium animalis,0.0,0.00011252342057115842
20230215_BC38,Lactobacillus salivarius,0.0,2.2400438651555165e-05
20230215_BC38,Lactobacillus rhamnosus,0.0,1.4862343711434393e-05
20230215_BC38,Lactobacillus acidophilus,0.0,1.170514954887356e-05
20230215_BC38,Lactobacillus mucosae,0.0,4.1849070549819694e-06
20230215_BC38,Bifidobacterium bifidum,0.0,3.2435090188650246e-06
20230215_BC38,Lactobacillus fermentum,0.0,2.507549290581356e-06
20230215_BC38,Bifidobacterium breve,0.0,2.470954483809657e-06
20230215_BC38,Streptococcus thermophilus,0.0,1.9338235720893704e-06
20230215_BC38,Lactobacillus plantarum,0.0,5.709765211599616e-07
20230215_BC38,Lactobacillus reuteri,0.0,4.0780406482779663e-07
20230215_BC38,Lactobacillus casei,0.0,0.0
20230215_BC30,Faecalibacterium prausnitzii,0.0232719093347175,0.025932610397428696
20230215_BC30,Bifidobacterium longum,2.162816852668916e-05,0.0033009828438504184
20230215_BC30,Bifidobacterium animalis,0.0,0.00011252342057115842
20230215_BC30,Lactobacillus salivarius,0.0,2.2400438651555165e-05
20230215_BC30,Lactobacillus rhamnosus,0.0,1.4862343711434393e-05
20230215_BC30,Lactobacillus acidophilus,0.0005839605502206,1.170514954887356e-05
20230215_BC30,Lactobacillus mucosae,0.0,4.1849070549819694e-06
20230215_BC30,Bifidobacterium bifidum,0.0,3.2435090188650246e-06
20230215_BC30,Lactobacillus fermentum,0.0,2.507549290581356e-06
20230215_BC30,Bifidobacterium breve,0.0,2.470954483809657e-06
20230215_BC30,Streptococcus thermophilus,0.0,1.9338235720893704e-06
20230215_BC30,Lactobacillus plantarum,0.0,5.709765211599616e-07
20230215_BC30,Lactobacillus reuteri,0.0,4.0780406482779663e-07
20230215_BC30,Lactobacillus casei,0.0,0.0
20230215_BC42,Faecalibacterium prausnitzii,0.0257458233890214,0.025932610397428696
20230215_BC42,Bifidobacterium longum,2.983293556085919e-05,0.0033009828438504184
20230215_BC42,Bifidobacterium animalis,0.0,0.00011252342057115842
20230215_BC42,Lactobacillus salivarius,0.0,2.2400438651555165e-05
20230215_BC42,Lactobacillus rhamnosus,0.0,1.4862343711434393e-05
20230215_BC42,Lactobacillus acidophilus,0.0,1.170514954887356e-05
20230215_BC42,Lactobacillus mucosae,0.0,4.1849070549819694e-06
20230215_BC42,Bifidobacterium bifidum,0.0,3.2435090188650246e-06
20230215_BC42,Lactobacillus fermentum,0.0,2.507549290581356e-06
20230215_BC42,Bifidobacterium breve,0.0,2.470954483809657e-06
20230215_BC42,Streptococcus thermophilus,0.0,1.9338235720893704e-06
20230215_BC42,Lactobacillus plantarum,0.0,5.709765211599616e-07
20230215_BC42,Lactobacillus reuteri,0.0,4.0780406482779663e-07
20230215_BC42,Lactobacillus casei,0.0,0.0
20230215_BC25,Faecalibacterium prausnitzii,0.0219713417281806,0.025932610397428696
20230215_BC25,Bifidobacterium longum,0.0002171081198436,0.0033009828438504184
20230215_BC25,Bifidobacterium animalis,0.0,0.00011252342057115842
20230215_BC25,Lactobacillus salivarius,0.0004342162396873,2.2400438651555165e-05
20230215_BC25,Lactobacillus rhamnosus,0.0,1.4862343711434393e-05
20230215_BC25,Lactobacillus acidophilus,0.0,1.170514954887356e-05
20230215_BC25,Lactobacillus mucosae,0.0,4.1849070549819694e-06
20230215_BC25,Bifidobacterium bifidum,4.342162396873643e-05,3.2435090188650246e-06
20230215_BC25,Lactobacillus fermentum,0.0,2.507549290581356e-06
20230215_BC25,Bifidobacterium breve,0.0,2.470954483809657e-06
20230215_BC25,Streptococcus thermophilus,4.342162396873643e-05,1.9338235720893704e-06
20230215_BC25,Lactobacillus plantarum,0.0,5.709765211599616e-07
20230215_BC25,Lactobacillus reuteri,0.0,4.0780406482779663e-07
20230215_BC25,Lactobacillus casei,0.0,0.0
20230215_BC27,Faecalibacterium prausnitzii,0.0008683872312341,0.025932610397428696
20230215_BC27,Bifidobacterium longum,0.0,0.0033009828438504184
20230215_BC27,Bifidobacterium animalis,0.0,0.00011252342057115842
20230215_BC27,Lactobacillus salivarius,0.0,2.2400438651555165e-05
20230215_BC27,Lactobacillus rhamnosus,0.0,1.4862343711434393e-05
20230215_BC27,Lactobacillus acidophilus,0.0,1.170514954887356e-05
20230215_BC27,Lactobacillus mucosae,0.0,4.1849070549819694e-06
20230215_BC27,Bifidobacterium bifidum,0.0,3.2435090188650246e-06
20230215_BC27,Lactobacillus fermentum,0.0,2.507549290581356e-06
20230215_BC27,Bifidobacterium breve,0.0,2.470954483809657e-06
20230215_BC27,Streptococcus thermophilus,0.0,1.9338235720893704e-06
20230215_BC27,Lactobacillus plantarum,0.0,5.709765211599616e-07
20230215_BC27,Lactobacillus reuteri,0.0,4.0780406482779663e-07
20230215_BC27,Lactobacillus casei,0.0,0.0
20230215_BC16,Faecalibacterium prausnitzii,0.000125572926477,0.025932610397428696
20230215_BC16,Bifidobacterium longum,0.0010045834118164,0.0033009828438504184
20230215_BC16,Bifidobacterium animalis,0.0,0.00011252342057115842
20230215_BC16,Lactobacillus salivarius,0.0,2.2400438651555165e-05
20230215_BC16,Lactobacillus rhamnosus,0.0,1.4862343711434393e-05
20230215_BC16,Lactobacillus acidophilus,0.0,1.170514954887356e-05
20230215_BC16,Lactobacillus mucosae,0.0,4.1849070549819694e-06
20230215_BC16,Bifidobacterium bifidum,0.0,3.2435090188650246e-06
20230215_BC16,Lactobacillus fermentum,0.0,2.507549290581356e-06
20230215_BC16,Bifidobacterium breve,0.0,2.470954483809657e-06
20230215_BC16,Streptococcus thermophilus,0.0,1.9338235720893704e-06
20230215_BC16,Lactobacillus plantarum,0.0,5.709765211599616e-07
20230215_BC16,Lactobacillus reuteri,0.0,4.0780406482779663e-07
20230215_BC16,Lactobacillus casei,0.0,0.0
20230215_BC12,Faecalibacterium prausnitzii,0.1318863879957127,0.025932610397428696
20230215_BC12,Bifidobacterium longum,0.002679528403001,0.0033009828438504184
20230215_BC12,Bifidobacterium animalis,0.0,0.00011252342057115842
20230215_BC12,Lactobacillus salivarius,0.0,2.2400438651555165e-05
20230215_BC12,Lactobacillus rhamnosus,0.0,1.4862343711434393e-05
20230215_BC12,Lactobacillus acidophilus,0.0,1.170514954887356e-05
20230215_BC12,Lactobacillus mucosae,0.0,4.1849070549819694e-06
20230215_BC12,Bifidobacterium bifidum,0.0,3.2435090188650246e-06
20230215_BC12,Lactobacillus fermentum,0.0,2.507549290581356e-06
20230215_BC12,Bifidobacterium breve,0.0,2.470954483809657e-06
20230215_BC12,Streptococcus thermophilus,0.0,1.9338235720893704e-06
20230215_BC12,Lactobacillus plantarum,0.0,5.709765211599616e-07
20230215_BC12,Lactobacillus reuteri,0.0,4.0780406482779663e-07
20230215_BC12,Lactobacillus casei,0.0,0.0
20230215_BC14,Faecalibacterium prausnitzii,0.0012663998784256,0.025932610397428696
20230215_BC14,Bifidobacterium longum,0.0002532799756851,0.0033009828438504184
20230215_BC14,Bifidobacterium animalis,0.0,0.00011252342057115842
20230215_BC14,Lactobacillus salivarius,0.0,2.2400438651555165e-05
20230215_BC14,Lactobacillus rhamnosus,0.0,1.4862343711434393e-05
20230215_BC14,Lactobacillus acidophilus,0.0,1.170514954887356e-05
20230215_BC14,Lactobacillus mucosae,0.0,4.1849070549819694e-06
20230215_BC14,Bifidobacterium bifidum,0.0,3.2435090188650246e-06
20230215_BC14,Lactobacillus fermentum,0.0,2.507549290581356e-06
20230215_BC14,Bifidobacterium breve,0.0,2.470954483809657e-06
20230215_BC14,Streptococcus thermophilus,0.0,1.9338235720893704e-06
20230215_BC14,Lactobacillus plantarum,0.0,5.709765211599616e-07
20230215_BC14,Lactobacillus reuteri,0.0,4.0780406482779663e-07
20230215_BC14,Lactobacillus casei,0.0,0.0
20230215_BC29,Faecalibacterium prausnitzii,0.0388795641526566,0.025932610397428696
20230215_BC29,Bifidobacterium longum,0.0,0.0033009828438504184
20230215_BC29,Bifidobacterium animalis,0.0,0.00011252342057115842
20230215_BC29,Lactobacillus salivarius,0.0,2.2400438651555165e-05
20230215_BC29,Lactobacillus rhamnosus,0.0,1.4862343711434393e-05
20230215_BC29,Lactobacillus acidophilus,0.0,1.170514954887356e-05
20230215_BC29,Lactobacillus mucosae,0.0,4.1849070549819694e-06
20230215_BC29,Bifidobacterium bifidum,0.0,3.2435090188650246e-06
20230215_BC29,Lactobacillus fermentum,0.0,2.507549290581356e-06
20230215_BC29,Bifidobacterium breve,0.0,2.470954483809657e-06
20230215_BC29,Streptococcus thermophilus,0.0,1.9338235720893704e-06
20230215_BC29,Lactobacillus plantarum,0.0,5.709765211599616e-07
20230215_BC29,Lactobacillus reuteri,0.0,4.0780406482779663e-07
20230215_BC29,Lactobacillus casei,0.0,0.0
20230215_BC20,Faecalibacterium prausnitzii,0.0795678745007458,0.025932610397428696
20230215_BC20,Bifidobacterium longum,4.812087964968e-05,0.0033009828438504184
20230215_BC20,Bifidobacterium animalis,0.0,0.00011252342057115842
20230215_BC20,Lactobacillus salivarius,0.0,2.2400438651555165e-05
20230215_BC20,Lactobacillus rhamnosus,0.0,1.4862343711434393e-05
20230215_BC20,Lactobacillus acidophilus,0.0,1.170514954887356e-05
20230215_BC20,Lactobacillus mucosae,0.0,4.1849070549819694e-06
20230215_BC20,Bifidobacterium bifidum,0.0,3.2435090188650246e-06
20230215_BC20,Lactobacillus fermentum,0.0,2.507549290581356e-06
20230215_BC20,Bifidobacterium breve,0.0,2.470954483809657e-06
20230215_BC20,Streptococcus thermophilus,0.0,1.9338235720893704e-06
20230215_BC20,Lactobacillus plantarum,0.0,5.709765211599616e-07
20230215_BC20,Lactobacillus reuteri,2.406043982484e-05,4.0780406482779663e-07
20230215_BC20,Lactobacillus casei,0.0,0.0
20230215_BC24,Faecalibacterium prausnitzii,0.0041574870300618,0.025932610397428696
20230215_BC24,Bifidobacterium longum,0.0011726245469405,0.0033009828438504184
20230215_BC24,Bifidobacterium animalis,0.0,0.00011252342057115842
20230215_BC24,Lactobacillus salivarius,0.0,2.2400438651555165e-05
20230215_BC24,Lactobacillus rhamnosus,0.0,1.4862343711434393e-05
20230215_BC24,Lactobacillus acidophilus,0.0,1.170514954887356e-05
20230215_BC24,Lactobacillus mucosae,0.0,4.1849070549819694e-06
20230215_BC24,Bifidobacterium bifidum,0.0,3.2435090188650246e-06
20230215_BC24,Lactobacillus fermentum,0.0,2.507549290581356e-06
20230215_BC24,Bifidobacterium breve,0.0,2.470954483809657e-06
20230215_BC24,Streptococcus thermophilus,0.0,1.9338235720893704e-06
20230215_BC24,Lactobacillus plantarum,0.0,5.709765211599616e-07
20230215_BC24,Lactobacillus reuteri,0.0,4.0780406482779663e-07
20230215_BC24,Lactobacillus casei,0.0,0.0
20230215_BC41,Faecalibacterium prausnitzii,0.0231023102310231,0.025932610397428696
20230215_BC41,Bifidobacterium longum,0.0,0.0033009828438504184
20230215_BC41,Bifidobacterium animalis,0.0,0.00011252342057115842
20230215_BC41,Lactobacillus salivarius,0.0,2.2400438651555165e-05
20230215_BC41,Lactobacillus rhamnosus,0.0,1.4862343711434393e-05
20230215_BC41,Lactobacillus acidophilus,0.0,1.170514954887356e-05
20230215_BC41,Lactobacillus mucosae,0.0,4.1849070549819694e-06
20230215_BC41,Bifidobacterium bifidum,0.0,3.2435090188650246e-06
20230215_BC41,Lactobacillus fermentum,0.0,2.507549290581356e-06
20230215_BC41,Bifidobacterium breve,0.0,2.470954483809657e-06
20230215_BC41,Streptococcus thermophilus,0.0,1.9338235720893704e-06
20230215_BC41,Lactobacillus plantarum,0.0,5.709765211599616e-07
20230215_BC41,Lactobacillus reuteri,0.0,4.0780406482779663e-07
20230215_BC41,Lactobacillus casei,0.0,0.0
20230215_BC22,Faecalibacterium prausnitzii,0.0192649216276735,0.025932610397428696
20230215_BC22,Bifidobacterium longum,0.0,0.0033009828438504184
20230215_BC22,Bifidobacterium animalis,0.0,0.00011252342057115842
20230215_BC22,Lactobacillus salivarius,0.0,2.2400438651555165e-05
20230215_BC22,Lactobacillus rhamnosus,0.0,1.4862343711434393e-05
20230215_BC22,Lactobacillus acidophilus,0.0,1.170514954887356e-05
20230215_BC22,Lactobacillus mucosae,0.0,4.1849070549819694e-06
20230215_BC22,Bifidobacterium bifidum,0.0,3.2435090188650246e-06
20230215_BC22,Lactobacillus fermentum,0.0,2.507549290581356e-06
20230215_BC22,Bifidobacterium breve,0.0,2.470954483809657e-06
20230215_BC22,Streptococcus thermophilus,0.0,1.9338235720893704e-06
20230215_BC22,Lactobacillus plantarum,0.0,5.709765211599616e-07
20230215_BC22,Lactobacillus reuteri,0.0,4.0780406482779663e-07
20230215_BC22,Lactobacillus casei,0.0,0.0
20230215_BC21,Faecalibacterium prausnitzii,0.0116848185546099,0.025932610397428696
20230215_BC21,Bifidobacterium longum,4.4093654923056575e-05,0.0033009828438504184
20230215_BC21,Bifidobacterium animalis,0.0,0.00011252342057115842
20230215_BC21,Lactobacillus salivarius,0.0,2.2400438651555165e-05
20230215_BC21,Lactobacillus rhamnosus,0.0,1.4862343711434393e-05
20230215_BC21,Lactobacillus acidophilus,0.0,1.170514954887356e-05
20230215_BC21,Lactobacillus mucosae,0.0,4.1849070549819694e-06
20230215_BC21,Bifidobacterium bifidum,0.0,3.2435090188650246e-06
20230215_BC21,Lactobacillus fermentum,0.0,2.507549290581356e-06
20230215_BC21,Bifidobacterium breve,0.0,2.470954483809657e-06
20230215_BC21,Streptococcus thermophilus,0.0,1.9338235720893704e-06
20230215_BC21,Lactobacillus plantarum,0.0,5.709765211599616e-07
20230215_BC21,Lactobacillus reuteri,0.0,4.0780406482779663e-07
20230215_BC21,Lactobacillus casei,0.0,0.0
20230215_BC23,Faecalibacterium prausnitzii,0.0119422172603944,0.025932610397428696
20230215_BC23,Bifidobacterium longum,0.0001353225751886,0.0033009828438504184
20230215_BC23,Bifidobacterium animalis,0.0,0.00011252342057115842
20230215_BC23,Lactobacillus salivarius,0.0,2.2400438651555165e-05
20230215_BC23,Lactobacillus rhamnosus,0.0,1.4862343711434393e-05
20230215_BC23,Lactobacillus acidophilus,0.0,1.170514954887356e-05
20230215_BC23,Lactobacillus mucosae,0.0,4.1849070549819694e-06
20230215_BC23,Bifidobacterium bifidum,0.0,3.2435090188650246e-06
20230215_BC23,Lactobacillus fermentum,0.0,2.507549290581356e-06
20230215_BC23,Bifidobacterium breve,0.0,2.470954483809657e-06
20230215_BC23,Streptococcus thermophilus,0.0,1.9338235720893704e-06
20230215_BC23,Lactobacillus plantarum,0.0,5.709765211599616e-07
20230215_BC23,Lactobacillus reuteri,0.0,4.0780406482779663e-07
20230215_BC23,Lactobacillus casei,0.0,0.0
20230215_BC17,Faecalibacterium prausnitzii,0.2626468668407311,0.025932610397428696
20230215_BC17,Bifidobacterium longum,0.0,0.0033009828438504184
20230215_BC17,Bifidobacterium animalis,0.0,0.00011252342057115842
20230215_BC17,Lactobacillus salivarius,0.0,2.2400438651555165e-05
20230215_BC17,Lactobacillus rhamnosus,0.0,1.4862343711434393e-05
20230215_BC17,Lactobacillus acidophilus,0.0,1.170514954887356e-05
20230215_BC17,Lactobacillus mucosae,0.0,4.1849070549819694e-06
20230215_BC17,Bifidobacterium bifidum,0.0,3.2435090188650246e-06
20230215_BC17,Lactobacillus fermentum,0.0,2.507549290581356e-06
20230215_BC17,Bifidobacterium breve,0.0,2.470954483809657e-06
20230215_BC17,Streptococcus thermophilus,0.0,1.9338235720893704e-06
20230215_BC17,Lactobacillus plantarum,0.0,5.709765211599616e-07
20230215_BC17,Lactobacillus reuteri,0.0,4.0780406482779663e-07
20230215_BC17,Lactobacillus casei,0.0,0.0
20230215_BC18,Faecalibacterium prausnitzii,0.0158520946138501,0.025932610397428696
20230215_BC18,Bifidobacterium longum,7.124536905101169e-05,0.0033009828438504184
20230215_BC18,Bifidobacterium animalis,0.0,0.00011252342057115842
20230215_BC18,Lactobacillus salivarius,3.5622684525505844e-05,2.2400438651555165e-05
20230215_BC18,Lactobacillus rhamnosus,0.0,1.4862343711434393e-05
20230215_BC18,Lactobacillus acidophilus,0.0,1.170514954887356e-05
20230215_BC18,Lactobacillus mucosae,0.0,4.1849070549819694e-06
20230215_BC18,Bifidobacterium bifidum,0.0,3.2435090188650246e-06
20230215_BC18,Lactobacillus fermentum,0.0,2.507549290581356e-06
20230215_BC18,Bifidobacterium breve,0.0,2.470954483809657e-06
20230215_BC18,Streptococcus thermophilus,0.0,1.9338235720893704e-06
20230215_BC18,Lactobacillus plantarum,0.0,5.709765211599616e-07
20230215_BC18,Lactobacillus reuteri,0.0,4.0780406482779663e-07
20230215_BC18,Lactobacillus casei,0.0,0.0
20230131_BC41,Faecalibacterium prausnitzii,0.0104859041943616,0.025932610397428696
20230131_BC41,Bifidobacterium longum,0.0,0.0033009828438504184
20230131_BC41,Bifidobacterium animalis,0.0,0.00011252342057115842
20230131_BC41,Lactobacillus salivarius,0.0,2.2400438651555165e-05
20230131_BC41,Lactobacillus rhamnosus,0.0,1.4862343711434393e-05
20230131_BC41,Lactobacillus acidophilus,0.0,1.170514954887356e-05
20230131_BC41,Lactobacillus mucosae,0.0,4.1849070549819694e-06
20230131_BC41,Bifidobacterium bifidum,0.0,3.2435090188650246e-06
20230131_BC41,Lactobacillus fermentum,0.0,2.507549290581356e-06
20230131_BC41,Bifidobacterium breve,0.0,2.470954483809657e-06
20230131_BC41,Streptococcus thermophilus,0.0,1.9338235720893704e-06
20230131_BC41,Lactobacillus plantarum,0.0,5.709765211599616e-07
20230131_BC41,Lactobacillus reuteri,0.0,4.0780406482779663e-07
20230131_BC41,Lactobacillus casei,0.0,0.0
20230322_BC53,Faecalibacterium prausnitzii,0.0006001846722068,0.025932610397428696
20230322_BC53,Bifidobacterium longum,4.616805170821791e-05,0.0033009828438504184
20230322_BC53,Bifidobacterium animalis,0.0,0.00011252342057115842
20230322_BC53,Lactobacillus salivarius,0.0,2.2400438651555165e-05
20230322_BC53,Lactobacillus rhamnosus,0.0,1.4862343711434393e-05
20230322_BC53,Lactobacillus acidophilus,0.0,1.170514954887356e-05
20230322_BC53,Lactobacillus mucosae,0.0,4.1849070549819694e-06
20230322_BC53,Bifidobacterium bifidum,0.0,3.2435090188650246e-06
20230322_BC53,Lactobacillus fermentum,0.0,2.507549290581356e-06
20230322_BC53,Bifidobacterium breve,9.233610341643582e-05,2.470954483809657e-06
20230322_BC53,Streptococcus thermophilus,0.0,1.9338235720893704e-06
20230322_BC53,Lactobacillus plantarum,0.0,5.709765211599616e-07
20230322_BC53,Lactobacillus reuteri,0.0,4.0780406482779663e-07
20230322_BC53,Lactobacillus casei,0.0,0.0
20230322_BC62,Faecalibacterium prausnitzii,0.0145867866445654,0.025932610397428696
20230322_BC62,Bifidobacterium longum,0.0,0.0033009828438504184
20230322_BC62,Bifidobacterium animalis,0.0,0.00011252342057115842
20230322_BC62,Lactobacillus salivarius,0.0,2.2400438651555165e-05
20230322_BC62,Lactobacillus rhamnosus,0.0,1.4862343711434393e-05
20230322_BC62,Lactobacillus acidophilus,0.0,1.170514954887356e-05
20230322_BC62,Lactobacillus mucosae,0.0,4.1849070549819694e-06
20230322_BC62,Bifidobacterium bifidum,0.0,3.2435090188650246e-06
20230322_BC62,Lactobacillus fermentum,0.0,2.507549290581356e-06
20230322_BC62,Bifidobacterium breve,0.0,2.470954483809657e-06
20230322_BC62,Streptococcus thermophilus,0.0,1.9338235720893704e-06
20230322_BC62,Lactobacillus plantarum,0.0,5.709765211599616e-07
20230322_BC62,Lactobacillus reuteri,0.0,4.0780406482779663e-07
20230322_BC62,Lactobacillus casei,0.0,0.0
20230322_BC44,Faecalibacterium prausnitzii,0.0010644395316466,0.025932610397428696
20230322_BC44,Bifidobacterium longum,0.0,0.0033009828438504184
20230322_BC44,Bifidobacterium animalis,0.0,0.00011252342057115842
20230322_BC44,Lactobacillus salivarius,0.0,2.2400438651555165e-05
20230322_BC44,Lactobacillus rhamnosus,0.0,1.4862343711434393e-05
20230322_BC44,Lactobacillus acidophilus,0.0,1.170514954887356e-05
20230322_BC44,Lactobacillus mucosae,0.0,4.1849070549819694e-06
20230322_BC44,Bifidobacterium bifidum,0.0,3.2435090188650246e-06
20230322_BC44,Lactobacillus fermentum,0.0,2.507549290581356e-06
20230322_BC44,Bifidobacterium breve,0.0,2.470954483809657e-06
20230322_BC44,Streptococcus thermophilus,0.0,1.9338235720893704e-06
20230322_BC44,Lactobacillus plantarum,0.0,5.709765211599616e-07
20230322_BC44,Lactobacillus reuteri,0.0,4.0780406482779663e-07
20230322_BC44,Lactobacillus casei,0.0,0.0
20230322_BC63,Faecalibacterium prausnitzii,0.0001935059406323,0.025932610397428696
20230322_BC63,Bifidobacterium longum,0.0,0.0033009828438504184
20230322_BC63,Bifidobacterium animalis,0.0,0.00011252342057115842
20230322_BC63,Lactobacillus salivarius,0.0,2.2400438651555165e-05
20230322_BC63,Lactobacillus rhamnosus,0.0,1.4862343711434393e-05
20230322_BC63,Lactobacillus acidophilus,0.0,1.170514954887356e-05
20230322_BC63,Lactobacillus mucosae,0.0,4.1849070549819694e-06
20230322_BC63,Bifidobacterium bifidum,0.0,3.2435090188650246e-06
20230322_BC63,Lactobacillus fermentum,0.0,2.507549290581356e-06
20230322_BC63,Bifidobacterium breve,0.0,2.470954483809657e-06
20230322_BC63,Streptococcus thermophilus,0.0,1.9338235720893704e-06
20230322_BC63,Lactobacillus plantarum,0.0,5.709765211599616e-07
20230322_BC63,Lactobacillus reuteri,0.0,4.0780406482779663e-07
20230322_BC63,Lactobacillus casei,0.0,0.0
20230322_BC58,Faecalibacterium prausnitzii,0.0001147973826196,0.025932610397428696
20230322_BC58,Bifidobacterium longum,0.0,0.0033009828438504184
20230322_BC58,Bifidobacterium animalis,5.739869130983814e-05,0.00011252342057115842
20230322_BC58,Lactobacillus salivarius,0.0,2.2400438651555165e-05
20230322_BC58,Lactobacillus rhamnosus,0.0,1.4862343711434393e-05
20230322_BC58,Lactobacillus acidophilus,0.0,1.170514954887356e-05
20230322_BC58,Lactobacillus mucosae,0.0,4.1849070549819694e-06
20230322_BC58,Bifidobacterium bifidum,0.0,3.2435090188650246e-06
20230322_BC58,Lactobacillus fermentum,0.0,2.507549290581356e-06
20230322_BC58,Bifidobacterium breve,0.0,2.470954483809657e-06
20230322_BC58,Streptococcus thermophilus,0.0,1.9338235720893704e-06
20230322_BC58,Lactobacillus plantarum,0.0,5.709765211599616e-07
20230322_BC58,Lactobacillus reuteri,0.0,4.0780406482779663e-07
20230322_BC58,Lactobacillus casei,0.0,0.0
20230322_BC46,Faecalibacterium prausnitzii,9.646922631680494e-05,0.025932610397428696
20230322_BC46,Bifidobacterium longum,0.0001929384526336,0.0033009828438504184
20230322_BC46,Bifidobacterium animalis,0.0,0.00011252342057115842
20230322_BC46,Lactobacillus salivarius,0.0,2.2400438651555165e-05
20230322_BC46,Lactobacillus rhamnosus,0.0,1.4862343711434393e-05
20230322_BC46,Lactobacillus acidophilus,0.0,1.170514954887356e-05
20230322_BC46,Lactobacillus mucosae,0.0,4.1849070549819694e-06
20230322_BC46,Bifidobacterium bifidum,0.0,3.2435090188650246e-06
20230322_BC46,Lactobacillus fermentum,0.0,2.507549290581356e-06
20230322_BC46,Bifidobacterium breve,0.0,2.470954483809657e-06
20230322_BC46,Streptococcus thermophilus,0.0,1.9338235720893704e-06
20230322_BC46,Lactobacillus plantarum,0.0,5.709765211599616e-07
20230322_BC46,Lactobacillus reuteri,0.0,4.0780406482779663e-07
20230322_BC46,Lactobacillus casei,0.0,0.0
20230322_BC43,Faecalibacterium prausnitzii,0.0,0.025932610397428696
20230322_BC43,Bifidobacterium longum,0.0,0.0033009828438504184
20230322_BC43,Bifidobacterium animalis,0.0010346611484738,0.00011252342057115842
20230322_BC43,Lactobacillus salivarius,9.406010440671588e-05,2.2400438651555165e-05
20230322_BC43,Lactobacillus rhamnosus,0.0,1.4862343711434393e-05
20230322_BC43,Lactobacillus acidophilus,0.0,1.170514954887356e-05
20230322_BC43,Lactobacillus mucosae,0.0,4.1849070549819694e-06
20230322_BC43,Bifidobacterium bifidum,0.0,3.2435090188650246e-06
20230322_BC43,Lactobacillus fermentum,0.0,2.507549290581356e-06
20230322_BC43,Bifidobacterium breve,0.0,2.470954483809657e-06
20230322_BC43,Streptococcus thermophilus,0.0,1.9338235720893704e-06
20230322_BC43,Lactobacillus plantarum,0.0,5.709765211599616e-07
20230322_BC43,Lactobacillus reuteri,0.0,4.0780406482779663e-07
20230322_BC43,Lactobacillus casei,0.0,0.0
20230322_BC47,Faecalibacterium prausnitzii,0.0017368865068731,0.025932610397428696
20230322_BC47,Bifidobacterium longum,0.0,0.0033009828438504184
20230322_BC47,Bifidobacterium animalis,0.0,0.00011252342057115842
20230322_BC47,Lactobacillus salivarius,0.0,2.2400438651555165e-05
20230322_BC47,Lactobacillus rhamnosus,0.0,1.4862343711434393e-05
20230322_BC47,Lactobacillus acidophilus,0.0,1.170514954887356e-05
20230322_BC47,Lactobacillus mucosae,0.0,4.1849070549819694e-06
20230322_BC47,Bifidobacterium bifidum,0.0,3.2435090188650246e-06
20230322_BC47,Lactobacillus fermentum,0.0,2.507549290581356e-06
20230322_BC47,Bifidobacterium breve,0.0,2.470954483809657e-06
20230322_BC47,Streptococcus thermophilus,0.0,1.9338235720893704e-06
20230322_BC47,Lactobacillus plantarum,0.0,5.709765211599616e-07
20230322_BC47,Lactobacillus reuteri,0.0,4.0780406482779663e-07
20230322_BC47,Lactobacillus casei,0.0,0.0
20230322_BC37,Faecalibacterium prausnitzii,0.003367363301085,0.025932610397428696
20230322_BC37,Bifidobacterium longum,5.345021112833396e-05,0.0033009828438504184
20230322_BC37,Bifidobacterium animalis,5.345021112833396e-05,0.00011252342057115842
20230322_BC37,Lactobacillus salivarius,0.0,2.2400438651555165e-05
20230322_BC37,Lactobacillus rhamnosus,0.0,1.4862343711434393e-05
20230322_BC37,Lactobacillus acidophilus,0.0,1.170514954887356e-05
20230322_BC37,Lactobacillus mucosae,0.0,4.1849070549819694e-06
20230322_BC37,Bifidobacterium bifidum,0.0,3.2435090188650246e-06
20230322_BC37,Lactobacillus fermentum,0.0,2.507549290581356e-06
20230322_BC37,Bifidobacterium breve,5.345021112833396e-05,2.470954483809657e-06
20230322_BC37,Streptococcus thermophilus,0.0,1.9338235720893704e-06
20230322_BC37,Lactobacillus plantarum,0.0,5.709765211599616e-07
20230322_BC37,Lactobacillus reuteri,0.0,4.0780406482779663e-07
20230322_BC37,Lactobacillus casei,0.0,0.0
